GeoFIPS,GeoName,Region,TableName,LineCode,IndustryClassification,Description,Unit,1997,1998,1999,2000,2001,2002,2003,2004,2005,2006,2007,2008,2009,2010,2011,2012,2013,2014,2015,2016,2017,2018,2019
 "00000","United States", ,SAEXP2,1,"...","Per capita personal consumption expenditures","Dollars",20298,21295,22490,23953,24781,25514,26603,28028,29579,31014,32198,32781,32054,32903,34124,35044,35790,37118,38331,39521,41028,42802,44276
 "00000","United States", ,SAEXP2,2,"..."," Goods","Dollars",7349,7633,8184,8682,8850,9021,9366,9891,10412,10836,11153,11034,10337,10699,11261,11563,11779,12111,12212,12359,12817,13351,13712
 "00000","United States", ,SAEXP2,3,"...","  Durable goods","Dollars",2624,2825,3066,3234,3304,3426,3508,3690,3819,3882,3944,3613,3299,3391,3510,3646,3764,3902,4078,4181,4341,4535,4674
 "00000","United States", ,SAEXP2,4,"...","   Motor vehicles and parts","Dollars",1075,1161,1257,1287,1345,1395,1384,1398,1387,1324,1330,1129,1039,1114,1172,1264,1321,1389,1483,1504,1550,1602,1590
 "00000","United States", ,SAEXP2,5,"...","   Furnishings and durable household equipment","Dollars",589,629,685,738,754,785,811,869,918,950,941,869,777,779,792,809,834,868,918,958,999,1051,1089
 "00000","United States", ,SAEXP2,6,"...","   Recreational goods and vehicles","Dollars",641,694,756,818,824,851,894,973,1037,1094,1126,1079,970,965,980,994,1018,1037,1049,1088,1151,1221,1320
 "00000","United States", ,SAEXP2,7,"...","   Other durable goods","Dollars",320,341,368,391,380,394,419,451,477,514,547,536,514,533,565,579,591,609,629,631,640,661,675
 "00000","United States", ,SAEXP2,8,"...","  Nondurable goods","Dollars",4725,4808,5118,5447,5546,5595,5858,6201,6593,6954,7209,7421,7037,7308,7751,7917,8015,8209,8134,8178,8476,8816,9038
 "00000","United States", ,SAEXP2,9,"...","   Food and beverages purchased for off-premises consumption","Dollars",1741,1767,1848,1916,1979,1999,2067,2160,2261,2347,2448,2529,2520,2544,2630,2696,2734,2818,2872,2910,2985,3057,3125
 "00000","United States", ,SAEXP2,10,"...","   Clothing and footwear","Dollars",908,935,972,995,975,969,983,1016,1051,1073,1074,1044,991,1024,1067,1100,1109,1133,1150,1165,1169,1207,1229
 "00000","United States", ,SAEXP2,11,"...","   Gasoline and other energy goods","Dollars",542,480,525,654,625,584,677,795,960,1071,1147,1286,936,1089,1328,1344,1324,1267,965,852,951,1069,1022
 "00000","United States", ,SAEXP2,12,"...","   Other nondurable goods","Dollars",1534,1626,1774,1882,1967,2042,2130,2230,2321,2463,2541,2562,2591,2652,2725,2776,2848,2991,3147,3251,3371,3482,3662
 "00000","United States", ,SAEXP2,13,"..."," Services","Dollars",12948,13662,14306,15271,15932,16493,17237,18137,19167,20178,21045,21747,21717,22203,22863,23481,24011,25007,26118,27162,28211,29451,30564
 "00000","United States", ,SAEXP2,14,"...","  Household consumption expenditures (for services)","Dollars",12561,13214,13811,14711,15303,15804,16528,17432,18456,19376,20219,20802,20774,21252,21862,22393,22895,23859,24960,25921,26929,28108,29226
 "00000","United States", ,SAEXP2,15,"...","   Housing and utilities","Dollars",3704,3862,4025,4248,4518,4637,4806,5017,5359,5638,5837,6036,6121,6155,6278,6361,6504,6754,7042,7303,7568,7868,8168
 "00000","United States", ,SAEXP2,16,"...","   Health care","Dollars",2901,3016,3095,3255,3497,3765,3978,4231,4469,4665,4907,5115,5322,5494,5640,5803,5881,6097,6416,6704,6918,7178,7467
 "00000","United States", ,SAEXP2,17,"...","   Transportation services","Dollars",777,816,865,926,912,876,895,926,961,996,1021,1028,969,987,1054,1087,1139,1203,1243,1299,1355,1429,1473
 "00000","United States", ,SAEXP2,18,"...","   Recreation services","Dollars",764,798,853,902,920,944,996,1064,1110,1177,1247,1279,1266,1305,1313,1373,1415,1466,1533,1605,1657,1720,1768
 "00000","United States", ,SAEXP2,19,"...","   Food services and accommodations","Dollars",1260,1312,1363,1449,1473,1517,1595,1702,1806,1912,1997,2039,1997,2055,2149,2246,2317,2441,2598,2704,2812,2942,3045
 "00000","United States", ,SAEXP2,20,"...","   Financial services and insurance","Dollars",1500,1617,1743,1924,1845,1859,1931,2068,2230,2329,2447,2488,2319,2439,2561,2613,2716,2853,2986,3047,3238,3427,3583
 "00000","United States", ,SAEXP2,21,"...","   Other services","Dollars",1656,1792,1867,2008,2139,2207,2328,2425,2521,2659,2763,2817,2780,2816,2867,2909,2923,3045,3141,3259,3381,3545,3722
 "00000","United States", ,SAEXP2,22,"...","  Final consumption expenditures of nonprofit institutions serving households (NPISHs)","Dollars",387,449,495,560,628,690,708,705,712,802,826,945,943,952,1001,1088,1116,1149,1159,1241,1282,1343,1338
 "00000","United States", ,SAEXP2,23,"...","   Gross output of nonprofit institutions","Dollars",1843,1967,2065,2203,2374,2563,2670,2797,2939,3124,3264,3444,3548,3649,3767,3940,4025,4155,4314,4540,4687,4888,5051
 "00000","United States", ,SAEXP2,24,"...","   Less: Receipts from sales of goods and services by nonprofit institutions","Dollars",1456,1518,1570,1643,1745,1873,1962,2092,2227,2323,2438,2499,2605,2697,2766,2852,2909,3006,3155,3300,3405,3545,3714
 "01000","Alabama",5,SAEXP2,1,"...","Per capita personal consumption expenditures","Dollars",17020,17696,18638,19559,20218,21174,22065,23268,24784,25693,26574,27055,26587,27340,28175,28818,29343,30260,31077,31941,33057,34331,35490
 "01000","Alabama",5,SAEXP2,2,"..."," Goods","Dollars",6936,7110,7588,7893,8105,8461,8840,9413,10003,10369,10736,10633,10073,10427,10901,11144,11275,11529,11627,11701,12074,12546,12917
 "01000","Alabama",5,SAEXP2,3,"...","  Durable goods","Dollars",2313,2454,2639,2692,2747,2929,3006,3176,3314,3374,3518,3169,2919,3010,3120,3236,3329,3430,3559,3685,3828,3998,4118
 "01000","Alabama",5,SAEXP2,4,"...","   Motor vehicles and parts","Dollars",1120,1200,1304,1307,1354,1436,1433,1455,1472,1441,1442,1204,1083,1187,1255,1340,1384,1426,1512,1538,1575,1636,1632
 "01000","Alabama",5,SAEXP2,5,"...","   Furnishings and durable household equipment","Dollars",509,530,560,582,582,620,642,693,750,783,796,730,662,656,662,675,688,712,752,800,839,883,914
 "01000","Alabama",5,SAEXP2,6,"...","   Recreational goods and vehicles","Dollars",437,457,484,499,509,549,601,675,721,754,850,814,757,736,748,761,785,801,794,847,915,968,1052
 "01000","Alabama",5,SAEXP2,7,"...","   Other durable goods","Dollars",247,266,292,305,302,325,330,354,372,396,430,421,416,430,454,460,472,491,501,500,500,511,521
 "01000","Alabama",5,SAEXP2,8,"...","  Nondurable goods","Dollars",4623,4656,4948,5200,5358,5532,5834,6237,6689,6995,7218,7464,7154,7417,7781,7908,7946,8099,8067,8015,8246,8548,8799
 "01000","Alabama",5,SAEXP2,9,"...","   Food and beverages purchased for off-premises consumption","Dollars",1773,1784,1867,1870,1966,2017,2071,2134,2243,2216,2261,2334,2344,2353,2425,2457,2457,2521,2572,2610,2655,2743,2815
 "01000","Alabama",5,SAEXP2,10,"...","   Clothing and footwear","Dollars",813,833,852,855,849,869,848,881,919,928,926,909,877,903,928,926,933,949,967,978,976,1008,1028
 "01000","Alabama",5,SAEXP2,11,"...","   Gasoline and other energy goods","Dollars",558,482,529,685,638,595,699,822,997,1141,1205,1351,981,1164,1423,1440,1430,1344,1020,895,993,1099,1055
 "01000","Alabama",5,SAEXP2,12,"...","   Other nondurable goods","Dollars",1480,1557,1701,1790,1905,2051,2215,2399,2529,2711,2825,2870,2952,2997,3005,3084,3126,3284,3508,3532,3621,3698,3900
 "01000","Alabama",5,SAEXP2,13,"..."," Services","Dollars",10084,10586,11051,11667,12113,12712,13225,13855,14781,15324,15838,16422,16515,16913,17274,17673,18068,18731,19451,20241,20983,21785,22573
 "01000","Alabama",5,SAEXP2,14,"...","  Household consumption expenditures (for services)","Dollars",9900,10356,10770,11357,11795,12385,12927,13533,14460,15011,15472,15964,16067,16474,16813,17186,17567,18190,18944,19666,20378,21169,21995
 "01000","Alabama",5,SAEXP2,15,"...","   Housing and utilities","Dollars",2510,2651,2758,2925,3090,3198,3319,3461,3700,3886,4038,4185,4224,4395,4484,4576,4695,4906,5055,5294,5444,5655,5828
 "01000","Alabama",5,SAEXP2,16,"...","   Health care","Dollars",2856,2927,2967,3091,3286,3541,3695,3874,4240,4354,4413,4536,4694,4730,4793,4988,5077,5224,5455,5650,5827,6005,6296
 "01000","Alabama",5,SAEXP2,17,"...","   Transportation services","Dollars",480,502,523,541,533,524,533,552,581,594,598,593,556,573,596,602,608,637,653,686,730,757,781
 "01000","Alabama",5,SAEXP2,18,"...","   Recreation services","Dollars",750,739,740,744,755,784,812,858,891,916,933,959,951,971,967,982,1014,1039,1094,1157,1188,1230,1264
 "01000","Alabama",5,SAEXP2,19,"...","   Food services and accommodations","Dollars",960,994,1049,1079,1099,1135,1212,1279,1370,1447,1506,1558,1562,1602,1654,1717,1806,1909,2052,2163,2264,2357,2441
 "01000","Alabama",5,SAEXP2,20,"...","   Financial services and insurance","Dollars",1088,1243,1412,1595,1574,1685,1774,1877,2003,2084,2239,2350,2293,2388,2458,2463,2465,2485,2578,2594,2714,2846,2962
 "01000","Alabama",5,SAEXP2,21,"...","   Other services","Dollars",1255,1301,1321,1381,1459,1519,1582,1632,1676,1730,1744,1783,1787,1814,1862,1859,1901,1989,2058,2122,2210,2318,2421
 "01000","Alabama",5,SAEXP2,22,"...","  Final consumption expenditures of nonprofit institutions serving households (NPISHs)","Dollars",183,230,281,309,318,327,298,322,321,313,366,458,448,440,461,487,501,541,506,575,605,616,578
 "01000","Alabama",5,SAEXP2,23,"...","   Gross output of nonprofit institutions","Dollars",1447,1545,1660,1754,1832,1941,1968,2128,2264,2338,2534,2655,2719,2780,2850,2926,3009,3079,3171,3305,3446,3583,3730
 "01000","Alabama",5,SAEXP2,24,"...","   Less: Receipts from sales of goods and services by nonprofit institutions","Dollars",1264,1314,1379,1444,1514,1614,1670,1806,1944,2025,2167,2197,2271,2340,2389,2439,2508,2538,2664,2730,2840,2967,3151
 "02000","Alaska",8,SAEXP2,1,"...","Per capita personal consumption expenditures","Dollars",22512,23350,24671,26400,27812,29470,31014,32481,34205,35609,37054,38532,38355,38998,40677,41741,42178,43760,44763,45431,47123,48990,50701
 "02000","Alaska",8,SAEXP2,2,"..."," Goods","Dollars",8354,8508,8993,9282,9515,10047,10540,11147,11599,11936,12361,12641,12014,12190,12665,12846,12797,13019,12849,12653,12922,13350,13762
 "02000","Alaska",8,SAEXP2,3,"...","  Durable goods","Dollars",2749,2883,3051,3082,3222,3566,3716,3982,4088,4074,4148,4001,3799,3772,3810,3956,3994,4116,4224,4227,4342,4484,4670
 "02000","Alaska",8,SAEXP2,4,"...","   Motor vehicles and parts","Dollars",936,1012,1136,1183,1252,1401,1418,1424,1341,1234,1220,1049,1009,1009,1012,1094,1138,1171,1240,1214,1240,1228,1227
 "02000","Alaska",8,SAEXP2,5,"...","   Furnishings and durable household equipment","Dollars",590,607,626,637,676,768,803,851,926,941,946,968,924,916,926,946,956,1011,1039,1039,1060,1117,1186
 "02000","Alaska",8,SAEXP2,6,"...","   Recreational goods and vehicles","Dollars",855,884,880,850,892,983,1056,1236,1327,1376,1433,1441,1360,1340,1345,1380,1366,1379,1366,1386,1434,1506,1604
 "02000","Alaska",8,SAEXP2,7,"...","   Other durable goods","Dollars",369,379,409,413,402,414,439,471,494,524,549,544,507,506,527,536,534,555,578,587,608,634,653
 "02000","Alaska",8,SAEXP2,8,"...","  Nondurable goods","Dollars",5604,5625,5942,6199,6293,6481,6824,7165,7512,7862,8213,8640,8215,8418,8855,8890,8803,8904,8626,8427,8580,8866,9092
 "02000","Alaska",8,SAEXP2,9,"...","   Food and beverages purchased for off-premises consumption","Dollars",2387,2461,2550,2589,2690,2793,2948,3074,3230,3371,3555,3748,3722,3746,3871,3897,3862,3856,3799,3694,3682,3763,3825
 "02000","Alaska",8,SAEXP2,10,"...","   Clothing and footwear","Dollars",838,834,845,855,853,855,876,896,907,920,917,918,870,877,908,917,909,933,939,938,931,951,978
 "02000","Alaska",8,SAEXP2,11,"...","   Gasoline and other energy goods","Dollars",761,651,715,900,809,759,821,949,1048,1111,1190,1371,1025,1189,1431,1459,1419,1343,973,802,845,926,882
 "02000","Alaska",8,SAEXP2,12,"...","   Other nondurable goods","Dollars",1619,1678,1832,1855,1942,2074,2179,2246,2326,2459,2551,2602,2599,2606,2645,2618,2614,2771,2914,2992,3122,3226,3407
 "02000","Alaska",8,SAEXP2,13,"..."," Services","Dollars",14159,14842,15678,17118,18296,19423,20474,21334,22605,23673,24693,25891,26341,26808,28012,28895,29380,30741,31913,32778,34200,35640,36938
 "02000","Alaska",8,SAEXP2,14,"...","  Household consumption expenditures (for services)","Dollars",13456,14006,14792,16081,17178,18160,19212,20140,21242,22168,23111,24129,24454,24841,25863,26602,27030,28392,29574,30331,31592,32899,34122
 "02000","Alaska",8,SAEXP2,15,"...","   Housing and utilities","Dollars",3832,4015,4229,4443,4726,4875,5042,5257,5598,5952,6249,6535,6657,6543,6753,6904,6993,7371,7876,8133,8574,8872,9098
 "02000","Alaska",8,SAEXP2,16,"...","   Health care","Dollars",2804,2938,3190,3720,4275,4794,5203,5561,5936,6212,6520,6927,7243,7496,7861,8240,8411,8946,9244,9625,10162,10716,11337
 "02000","Alaska",8,SAEXP2,17,"...","   Transportation services","Dollars",738,780,833,933,975,933,952,970,1000,1015,1046,1092,1017,1026,1087,1094,1190,1237,1266,1322,1358,1423,1486
 "02000","Alaska",8,SAEXP2,18,"...","   Recreation services","Dollars",636,638,683,745,761,783,868,978,1070,1145,1270,1332,1333,1366,1380,1449,1527,1667,1724,1746,1774,1778,1783
 "02000","Alaska",8,SAEXP2,19,"...","   Food services and accommodations","Dollars",1777,1798,1881,2010,2046,2170,2338,2469,2572,2705,2809,2893,2812,2885,3048,3146,3162,3326,3454,3434,3429,3563,3683
 "02000","Alaska",8,SAEXP2,20,"...","   Financial services and insurance","Dollars",1669,1713,1793,1920,1875,1903,1949,1986,2071,2042,2071,2129,2088,2189,2301,2306,2293,2322,2405,2423,2606,2747,2838
 "02000","Alaska",8,SAEXP2,21,"...","   Other services","Dollars",1999,2124,2183,2310,2519,2702,2861,2920,2996,3096,3146,3222,3304,3336,3433,3463,3455,3522,3604,3648,3690,3800,3898
 "02000","Alaska",8,SAEXP2,22,"...","  Final consumption expenditures of nonprofit institutions serving households (NPISHs)","Dollars",703,836,887,1037,1119,1263,1262,1194,1363,1505,1582,1762,1887,1967,2149,2293,2350,2349,2340,2447,2608,2741,2817
 "02000","Alaska",8,SAEXP2,23,"...","   Gross output of nonprofit institutions","Dollars",2277,2502,2587,2843,2982,3252,3259,3249,3633,3905,4107,4331,4557,4703,4963,5165,5287,5328,5457,5690,6107,6510,6812
 "02000","Alaska",8,SAEXP2,24,"...","   Less: Receipts from sales of goods and services by nonprofit institutions","Dollars",1574,1666,1700,1806,1864,1990,1997,2055,2270,2400,2525,2569,2670,2736,2814,2872,2937,2979,3117,3243,3499,3769,3995
 "04000","Arizona",6,SAEXP2,1,"...","Per capita personal consumption expenditures","Dollars",19416,20274,21392,22579,23118,23728,24672,26095,27652,29051,29996,29693,28596,29124,29955,30417,30976,32041,33068,33986,35596,36942,38044
 "04000","Arizona",6,SAEXP2,2,"..."," Goods","Dollars",7275,7495,7994,8501,8601,8707,9117,9844,10650,11321,11547,10989,9936,10152,10645,10794,10946,11303,11381,11508,12016,12436,12744
 "04000","Arizona",6,SAEXP2,3,"...","  Durable goods","Dollars",2713,2918,3108,3357,3406,3515,3619,3905,4170,4367,4293,3649,3146,3197,3354,3455,3565,3714,3886,3979,4182,4358,4504
 "04000","Arizona",6,SAEXP2,4,"...","   Motor vehicles and parts","Dollars",1121,1201,1287,1335,1400,1418,1432,1493,1554,1541,1527,1153,962,1021,1100,1212,1283,1341,1440,1454,1515,1601,1614
 "04000","Arizona",6,SAEXP2,5,"...","   Furnishings and durable household equipment","Dollars",645,694,723,790,797,828,854,952,1058,1117,1037,885,743,733,774,769,777,827,864,921,990,1022,1058
 "04000","Arizona",6,SAEXP2,6,"...","   Recreational goods and vehicles","Dollars",618,679,734,836,818,853,885,973,1035,1127,1107,1018,872,858,871,866,885,908,911,931,989,1031,1115
 "04000","Arizona",6,SAEXP2,7,"...","   Other durable goods","Dollars",329,343,364,395,391,416,447,488,522,582,623,592,570,585,609,609,620,638,671,673,688,703,717
 "04000","Arizona",6,SAEXP2,8,"...","  Nondurable goods","Dollars",4561,4577,4885,5145,5195,5192,5499,5939,6480,6954,7254,7340,6790,6954,7291,7339,7380,7590,7495,7529,7834,8078,8240
 "04000","Arizona",6,SAEXP2,9,"...","   Food and beverages purchased for off-premises consumption","Dollars",1716,1732,1823,1826,1884,1908,2001,2171,2326,2454,2562,2613,2540,2547,2561,2568,2566,2676,2716,2765,2828,2860,2846
 "04000","Arizona",6,SAEXP2,10,"...","   Clothing and footwear","Dollars",765,767,798,835,835,851,881,925,980,1024,1035,989,949,974,998,1014,1029,1047,1061,1066,1065,1095,1104
 "04000","Arizona",6,SAEXP2,11,"...","   Gasoline and other energy goods","Dollars",621,542,589,719,670,595,681,776,964,1075,1187,1283,908,1011,1236,1277,1255,1190,908,789,889,991,962
 "04000","Arizona",6,SAEXP2,12,"...","   Other nondurable goods","Dollars",1460,1535,1676,1764,1805,1838,1936,2066,2209,2401,2470,2456,2393,2422,2496,2480,2530,2677,2810,2908,3053,3133,3328
 "04000","Arizona",6,SAEXP2,13,"..."," Services","Dollars",12141,12780,13398,14078,14518,15021,15555,16251,17002,17729,18449,18705,18660,18972,19310,19624,20031,20738,21687,22477,23580,24506,25300
 "04000","Arizona",6,SAEXP2,14,"...","  Household consumption expenditures (for services)","Dollars",11944,12566,13146,13798,14216,14701,15261,15913,16740,17347,17971,18161,18157,18480,18793,19076,19459,20159,21131,21873,22962,23858,24676
 "04000","Arizona",6,SAEXP2,15,"...","   Housing and utilities","Dollars",3511,3649,3753,3920,4119,4220,4306,4477,4694,4940,5149,5356,5626,5748,5828,5861,5971,6179,6476,6688,6870,7041,7228
 "04000","Arizona",6,SAEXP2,16,"...","   Health care","Dollars",2393,2450,2524,2668,2863,3135,3367,3569,3886,4007,4184,4388,4568,4722,4796,4906,4949,4992,5245,5490,5801,5994,6303
 "04000","Arizona",6,SAEXP2,17,"...","   Transportation services","Dollars",742,797,851,894,868,843,855,877,928,980,998,975,883,894,983,1021,1048,1103,1124,1163,1252,1313,1348
 "04000","Arizona",6,SAEXP2,18,"...","   Recreation services","Dollars",714,765,836,839,859,883,927,997,1038,1136,1195,1172,1135,1131,1090,1122,1180,1261,1355,1449,1578,1641,1668
 "04000","Arizona",6,SAEXP2,19,"...","   Food services and accommodations","Dollars",1423,1467,1535,1612,1605,1633,1716,1851,2019,2151,2270,2221,2113,2127,2195,2263,2341,2468,2641,2700,2897,3036,3090
 "04000","Arizona",6,SAEXP2,20,"...","   Financial services and insurance","Dollars",1796,1919,2069,2251,2199,2219,2253,2264,2269,2147,2100,1971,1728,1722,1725,1701,1758,1851,1944,1970,2066,2155,2234
 "04000","Arizona",6,SAEXP2,21,"...","   Other services","Dollars",1365,1519,1579,1614,1702,1769,1838,1878,1907,1986,2074,2079,2104,2136,2176,2202,2212,2304,2347,2413,2499,2678,2805
 "04000","Arizona",6,SAEXP2,22,"...","  Final consumption expenditures of nonprofit institutions serving households (NPISHs)","Dollars",197,214,252,280,302,320,294,338,262,382,478,543,503,492,517,548,571,579,556,604,618,648,623
 "04000","Arizona",6,SAEXP2,23,"...","   Gross output of nonprofit institutions","Dollars",1353,1467,1529,1588,1666,1758,1837,2001,2049,2220,2395,2501,2528,2592,2651,2725,2790,2868,2936,3084,3247,3395,3546
 "04000","Arizona",6,SAEXP2,24,"...","   Less: Receipts from sales of goods and services by nonprofit institutions","Dollars",1156,1252,1277,1308,1365,1438,1543,1664,1787,1837,1917,1957,2024,2100,2134,2178,2219,2290,2380,2479,2629,2747,2923
 "05000","Arkansas",5,SAEXP2,1,"...","Per capita personal consumption expenditures","Dollars",15785,16547,17556,18556,19204,19834,20721,21813,23135,24214,25241,25983,25678,26354,27419,28184,28762,29632,30457,31479,32693,33978,35026
 "05000","Arkansas",5,SAEXP2,2,"..."," Goods","Dollars",6601,6764,7285,7766,7765,7869,8232,8647,9088,9435,9819,9976,9592,10032,10588,10835,11032,11198,11145,11340,11646,11983,12162
 "05000","Arkansas",5,SAEXP2,3,"...","  Durable goods","Dollars",2285,2411,2585,2666,2724,2897,3014,3141,3214,3248,3361,3240,3069,3147,3211,3307,3419,3546,3682,3791,3880,3979,4063
 "05000","Arkansas",5,SAEXP2,4,"...","   Motor vehicles and parts","Dollars",1053,1115,1193,1188,1244,1311,1313,1329,1284,1235,1271,1131,1069,1170,1223,1319,1378,1436,1517,1547,1539,1548,1519
 "05000","Arkansas",5,SAEXP2,5,"...","   Furnishings and durable household equipment","Dollars",504,521,553,592,589,630,660,704,743,759,759,739,695,698,702,713,732,760,800,848,892,942,980
 "05000","Arkansas",5,SAEXP2,6,"...","   Recreational goods and vehicles","Dollars",425,464,506,531,554,614,676,727,792,830,876,890,822,792,790,781,811,837,845,879,934,971,1042
 "05000","Arkansas",5,SAEXP2,7,"...","   Other durable goods","Dollars",303,311,333,354,337,342,366,381,395,424,454,480,483,486,495,495,499,513,520,517,516,519,523
 "05000","Arkansas",5,SAEXP2,8,"...","  Nondurable goods","Dollars",4317,4353,4701,5100,5042,4972,5218,5506,5874,6187,6458,6736,6523,6885,7377,7527,7612,7653,7462,7549,7766,8004,8099
 "05000","Arkansas",5,SAEXP2,9,"...","   Food and beverages purchased for off-premises consumption","Dollars",1518,1525,1617,1703,1688,1642,1694,1748,1807,1834,1916,1991,2057,2089,2184,2236,2289,2343,2426,2488,2519,2548,2553
 "05000","Arkansas",5,SAEXP2,10,"...","   Clothing and footwear","Dollars",784,817,866,913,872,847,856,856,879,887,890,870,862,883,914,944,943,964,978,998,1004,1024,1023
 "05000","Arkansas",5,SAEXP2,11,"...","   Gasoline and other energy goods","Dollars",629,568,644,830,788,724,820,968,1150,1282,1348,1509,1125,1367,1674,1711,1714,1567,1189,1064,1167,1302,1234
 "05000","Arkansas",5,SAEXP2,12,"...","   Other nondurable goods","Dollars",1385,1443,1573,1654,1693,1760,1848,1934,2039,2184,2304,2366,2479,2545,2605,2636,2667,2779,2868,2999,3077,3130,3289
 "05000","Arkansas",5,SAEXP2,13,"..."," Services","Dollars",9183,9783,10271,10790,11439,11965,12489,13166,14047,14778,15422,16007,16086,16322,16831,17349,17730,18433,19313,20139,21047,21995,22864
 "05000","Arkansas",5,SAEXP2,14,"...","  Household consumption expenditures (for services)","Dollars",9006,9530,9961,10468,11078,11571,12102,12787,13643,14312,14937,15439,15500,15733,16208,16693,17043,17733,18518,19291,20184,21119,22006
 "05000","Arkansas",5,SAEXP2,15,"...","   Housing and utilities","Dollars",2547,2665,2751,2915,3109,3176,3276,3437,3694,3906,3998,4174,4210,4256,4344,4435,4563,4716,4890,4982,5158,5429,5577
 "05000","Arkansas",5,SAEXP2,16,"...","   Health care","Dollars",2520,2656,2736,2879,3152,3407,3579,3767,4013,4104,4305,4494,4620,4661,4764,4917,4909,5149,5393,5739,6054,6278,6552
 "05000","Arkansas",5,SAEXP2,17,"...","   Transportation services","Dollars",434,452,495,511,518,493,502,528,521,550,578,575,539,536,557,563,588,630,658,707,756,778,807
 "05000","Arkansas",5,SAEXP2,18,"...","   Recreation services","Dollars",437,470,508,504,538,582,634,698,754,821,900,937,910,909,911,919,946,960,978,998,1008,1020,1039
 "05000","Arkansas",5,SAEXP2,19,"...","   Food services and accommodations","Dollars",904,936,970,1022,1056,1100,1141,1203,1264,1327,1380,1432,1463,1495,1553,1617,1639,1707,1820,1915,1973,2030,2116
 "05000","Arkansas",5,SAEXP2,20,"...","   Financial services and insurance","Dollars",1070,1148,1241,1357,1304,1309,1360,1462,1584,1657,1782,1879,1816,1949,2121,2289,2439,2595,2745,2873,3122,3377,3639
 "05000","Arkansas",5,SAEXP2,21,"...","   Other services","Dollars",1093,1203,1261,1280,1402,1503,1609,1693,1812,1947,1995,1949,1940,1927,1959,1953,1958,1977,2034,2078,2112,2206,2277
 "05000","Arkansas",5,SAEXP2,22,"...","  Final consumption expenditures of nonprofit institutions serving households (NPISHs)","Dollars",178,253,310,323,361,394,386,379,405,467,485,568,586,590,623,656,687,700,795,847,863,877,858
 "05000","Arkansas",5,SAEXP2,23,"...","   Gross output of nonprofit institutions","Dollars",1271,1410,1519,1570,1683,1816,1824,1911,2062,2181,2291,2444,2553,2646,2750,2866,2930,2993,3237,3434,3636,3765,3880
 "05000","Arkansas",5,SAEXP2,24,"...","   Less: Receipts from sales of goods and services by nonprofit institutions","Dollars",1093,1157,1210,1248,1322,1421,1438,1531,1657,1715,1805,1875,1967,2057,2127,2209,2243,2293,2441,2587,2772,2889,3022
 "06000","California",8,SAEXP2,1,"...","Per capita personal consumption expenditures","Dollars",21212,22150,23411,25112,25915,26676,27748,29356,31059,32764,34297,34614,33195,34275,35617,36769,37429,38967,40846,42580,44702,46956,49291
 "06000","California",8,SAEXP2,2,"..."," Goods","Dollars",6866,7154,7735,8439,8638,8898,9227,9820,10364,10813,11150,10818,9815,10163,10730,11117,11235,11639,11883,12102,12660,13286,13839
 "06000","California",8,SAEXP2,3,"...","  Durable goods","Dollars",2500,2740,3044,3390,3488,3602,3687,3936,4133,4233,4251,3785,3320,3414,3536,3704,3755,3897,4139,4216,4427,4655,4839
 "06000","California",8,SAEXP2,4,"...","   Motor vehicles and parts","Dollars",864,973,1098,1156,1233,1312,1310,1342,1368,1303,1257,1026,879,917,987,1095,1150,1209,1315,1355,1417,1436,1402
 "06000","California",8,SAEXP2,5,"...","   Furnishings and durable household equipment","Dollars",538,584,655,735,776,804,831,886,945,983,961,848,753,762,773,777,786,827,890,894,939,1004,1040
 "06000","California",8,SAEXP2,6,"...","   Recreational goods and vehicles","Dollars",793,857,937,1118,1113,1101,1134,1245,1323,1419,1464,1361,1189,1214,1219,1243,1233,1250,1297,1331,1417,1528,1686
 "06000","California",8,SAEXP2,7,"...","   Other durable goods","Dollars",305,326,353,382,365,385,412,462,497,528,570,551,499,520,557,590,586,611,636,635,655,686,712
 "06000","California",8,SAEXP2,8,"...","  Nondurable goods","Dollars",4367,4415,4691,5049,5150,5296,5540,5884,6232,6579,6899,7033,6495,6749,7193,7413,7480,7742,7744,7887,8232,8631,9001
 "06000","California",8,SAEXP2,9,"...","   Food and beverages purchased for off-premises consumption","Dollars",1684,1692,1788,1873,1957,2012,2083,2148,2253,2361,2510,2561,2468,2494,2590,2659,2707,2827,2888,2952,3030,3115,3224
 "06000","California",8,SAEXP2,10,"...","   Clothing and footwear","Dollars",942,972,1009,1059,1014,1045,1055,1156,1215,1193,1211,1164,1042,1087,1156,1221,1221,1273,1310,1338,1388,1456,1526
 "06000","California",8,SAEXP2,11,"...","   Gasoline and other energy goods","Dollars",450,392,420,514,494,484,551,666,772,869,919,1042,739,854,1067,1090,1051,1003,767,710,826,937,922
 "06000","California",8,SAEXP2,12,"...","   Other nondurable goods","Dollars",1291,1359,1474,1603,1685,1756,1851,1914,1991,2157,2260,2265,2246,2314,2380,2443,2501,2639,2779,2887,2989,3123,3329
 "06000","California",8,SAEXP2,13,"..."," Services","Dollars",14346,14996,15676,16673,17276,17778,18521,19536,20695,21951,23146,23796,23380,24113,24887,25651,26194,27328,28963,30478,32042,33671,35452
 "06000","California",8,SAEXP2,14,"...","  Household consumption expenditures (for services)","Dollars",14039,14682,15301,16215,16722,17120,17886,18952,20109,21266,22313,22870,22476,23193,23917,24570,25063,26164,27718,29112,30599,32166,33928
 "06000","California",8,SAEXP2,15,"...","   Housing and utilities","Dollars",4603,4810,4993,5242,5566,5699,5864,6128,6523,6973,7271,7566,7763,7861,8029,8168,8323,8619,9043,9440,9795,10138,10601
 "06000","California",8,SAEXP2,16,"...","   Health care","Dollars",2878,2948,2972,3074,3199,3403,3622,3857,4104,4317,4615,4867,4987,5398,5586,5709,5811,6022,6519,6860,7250,7606,8005
 "06000","California",8,SAEXP2,17,"...","   Transportation services","Dollars",876,909,956,1044,1025,986,1004,1054,1129,1207,1271,1257,1153,1175,1251,1319,1388,1457,1504,1613,1725,1858,1976
 "06000","California",8,SAEXP2,18,"...","   Recreation services","Dollars",733,745,840,889,912,925,1013,1123,1185,1252,1313,1323,1252,1307,1307,1369,1386,1430,1514,1595,1673,1750,1837
 "06000","California",8,SAEXP2,19,"...","   Food services and accommodations","Dollars",1340,1414,1455,1557,1596,1649,1737,1877,2006,2153,2288,2348,2232,2270,2363,2470,2514,2712,2961,3180,3341,3552,3780
 "06000","California",8,SAEXP2,20,"...","   Financial services and insurance","Dollars",1973,2119,2191,2347,2227,2209,2265,2380,2521,2576,2654,2570,2305,2381,2488,2537,2656,2795,2947,3043,3243,3478,3663
 "06000","California",8,SAEXP2,21,"...","   Other services","Dollars",1637,1736,1894,2062,2198,2250,2380,2533,2641,2788,2902,2939,2783,2800,2892,2998,2984,3128,3230,3380,3570,3785,4067
 "06000","California",8,SAEXP2,22,"...","  Final consumption expenditures of nonprofit institutions serving households (NPISHs)","Dollars",307,315,375,458,554,658,635,585,585,685,833,926,905,920,970,1081,1130,1164,1245,1366,1444,1504,1523
 "06000","California",8,SAEXP2,23,"...","   Gross output of nonprofit institutions","Dollars",1715,1758,1884,2064,2291,2542,2595,2641,2785,2965,3331,3564,3680,3821,4029,4356,4464,4589,4868,5166,5388,5655,5921
 "06000","California",8,SAEXP2,24,"...","   Less: Receipts from sales of goods and services by nonprofit institutions","Dollars",1408,1443,1509,1607,1737,1883,1959,2056,2199,2280,2498,2638,2776,2901,3058,3274,3334,3425,3623,3799,3944,4150,4398
 "08000","Colorado",7,SAEXP2,1,"...","Per capita personal consumption expenditures","Dollars",22266,23506,25122,27042,27847,28191,29164,30575,32036,33310,34575,34958,33875,34236,35183,35894,36709,38246,39604,41117,42844,44582,46362
 "08000","Colorado",7,SAEXP2,2,"..."," Goods","Dollars",7900,8274,8995,9608,9745,9632,9846,10340,10848,11159,11556,11390,10502,10592,10992,11258,11519,11980,12206,12541,13219,13715,14222
 "08000","Colorado",7,SAEXP2,3,"...","  Durable goods","Dollars",3010,3283,3587,3883,3907,3926,3908,4104,4224,4278,4378,4016,3582,3575,3606,3700,3881,4075,4270,4414,4678,4900,5084
 "08000","Colorado",7,SAEXP2,4,"...","   Motor vehicles and parts","Dollars",1058,1149,1274,1353,1427,1448,1400,1412,1374,1305,1365,1155,1033,1049,1050,1116,1183,1263,1357,1366,1439,1497,1476
 "08000","Colorado",7,SAEXP2,5,"...","   Furnishings and durable household equipment","Dollars",749,805,870,945,969,969,952,1024,1086,1108,1114,1043,897,885,900,919,965,1028,1100,1160,1193,1260,1311
 "08000","Colorado",7,SAEXP2,6,"...","   Recreational goods and vehicles","Dollars",816,917,998,1100,1053,1041,1065,1144,1212,1267,1281,1218,1082,1060,1059,1065,1123,1153,1156,1222,1360,1442,1563
 "08000","Colorado",7,SAEXP2,7,"...","   Other durable goods","Dollars",388,413,446,485,457,468,492,524,553,597,618,600,570,581,597,600,609,630,658,667,685,702,734
 "08000","Colorado",7,SAEXP2,8,"...","  Nondurable goods","Dollars",4890,4991,5408,5725,5838,5706,5937,6236,6624,6882,7178,7375,6919,7017,7386,7558,7637,7905,7936,8126,8541,8814,9138
 "08000","Colorado",7,SAEXP2,9,"...","   Food and beverages purchased for off-premises consumption","Dollars",1806,1853,2001,2060,2159,2126,2218,2321,2452,2475,2596,2702,2710,2693,2779,2881,2929,3081,3190,3296,3419,3477,3572
 "08000","Colorado",7,SAEXP2,10,"...","   Clothing and footwear","Dollars",926,962,1011,1031,1025,1001,1016,1037,1072,1101,1099,1067,1000,1013,1059,1071,1085,1106,1130,1154,1143,1203,1264
 "08000","Colorado",7,SAEXP2,11,"...","   Gasoline and other energy goods","Dollars",588,513,563,705,688,615,692,791,921,1004,1082,1225,868,981,1176,1180,1173,1131,877,790,910,1038,991
 "08000","Colorado",7,SAEXP2,12,"...","   Other nondurable goods","Dollars",1569,1663,1833,1929,1965,1965,2012,2088,2178,2302,2401,2381,2342,2330,2373,2425,2450,2587,2740,2887,3069,3096,3311
 "08000","Colorado",7,SAEXP2,13,"..."," Services","Dollars",14366,15231,16127,17434,18102,18559,19318,20235,21188,22150,23019,23568,23373,23645,24191,24636,25190,26266,27397,28576,29625,30867,32140
 "08000","Colorado",7,SAEXP2,14,"...","  Household consumption expenditures (for services)","Dollars",14138,14961,15786,17021,17627,18054,18784,19692,20645,21525,22417,22867,22687,22932,23417,23777,24311,25344,26513,27659,28687,29870,31165
 "08000","Colorado",7,SAEXP2,15,"...","   Housing and utilities","Dollars",4712,4899,5069,5292,5619,5721,5933,6237,6635,6856,6946,7071,7073,6970,7043,7088,7183,7419,7757,8079,8463,8887,9386
 "08000","Colorado",7,SAEXP2,16,"...","   Health care","Dollars",2568,2687,2782,2998,3293,3600,3788,4052,4171,4301,4603,4780,4988,5067,5156,5237,5339,5654,5994,6464,6595,6705,6920
 "08000","Colorado",7,SAEXP2,17,"...","   Transportation services","Dollars",1129,1147,1179,1256,1194,1108,1106,1161,1196,1245,1294,1324,1223,1261,1335,1405,1458,1527,1587,1653,1727,1848,1919
 "08000","Colorado",7,SAEXP2,18,"...","   Recreation services","Dollars",931,1040,1148,1271,1267,1252,1316,1345,1407,1532,1642,1671,1693,1750,1735,1811,1887,1974,2046,2116,2154,2243,2331
 "08000","Colorado",7,SAEXP2,19,"...","   Food services and accommodations","Dollars",1674,1707,1774,1911,1946,1971,2017,2128,2221,2317,2443,2511,2411,2458,2597,2692,2829,2997,3200,3306,3486,3682,3821
 "08000","Colorado",7,SAEXP2,20,"...","   Financial services and insurance","Dollars",1466,1602,1753,1974,1875,1899,1982,2106,2232,2285,2376,2387,2185,2258,2366,2359,2431,2473,2534,2532,2662,2750,2819
 "08000","Colorado",7,SAEXP2,21,"...","   Other services","Dollars",1658,1880,2081,2319,2434,2503,2643,2664,2783,2989,3112,3123,3113,3168,3185,3185,3183,3300,3395,3510,3599,3755,3969
 "08000","Colorado",7,SAEXP2,22,"...","  Final consumption expenditures of nonprofit institutions serving households (NPISHs)","Dollars",228,270,341,413,475,505,534,543,543,626,603,701,687,713,774,859,879,923,885,917,939,997,974
 "08000","Colorado",7,SAEXP2,23,"...","   Gross output of nonprofit institutions","Dollars",1686,1830,1973,2130,2287,2446,2562,2711,2852,3009,3077,3227,3310,3418,3546,3705,3753,3902,4060,4302,4358,4482,4591
 "08000","Colorado",7,SAEXP2,24,"...","   Less: Receipts from sales of goods and services by nonprofit institutions","Dollars",1458,1560,1632,1717,1813,1941,2028,2169,2309,2383,2474,2526,2623,2705,2772,2845,2874,2980,3175,3385,3419,3485,3617
 "09000","Connecticut",1,SAEXP2,1,"...","Per capita personal consumption expenditures","Dollars",25439,26943,28492,29902,30987,32021,33165,35216,37534,39572,41324,42060,40966,41652,42908,43824,44978,46664,47972,49444,51105,53159,54786
 "09000","Connecticut",1,SAEXP2,2,"..."," Goods","Dollars",8601,8886,9456,9863,10117,10419,10730,11478,12277,12751,13208,13073,12185,12469,12976,13163,13559,13998,14084,14241,14736,15126,15373
 "09000","Connecticut",1,SAEXP2,3,"...","  Durable goods","Dollars",2824,3063,3290,3430,3550,3741,3884,4135,4299,4338,4476,4181,3800,3861,3960,4053,4193,4306,4369,4456,4556,4757,4890
 "09000","Connecticut",1,SAEXP2,4,"...","   Motor vehicles and parts","Dollars",1094,1182,1286,1296,1366,1423,1472,1509,1489,1410,1438,1234,1153,1221,1274,1334,1381,1435,1485,1497,1528,1589,1574
 "09000","Connecticut",1,SAEXP2,5,"...","   Furnishings and durable household equipment","Dollars",654,703,742,834,882,947,982,1068,1116,1138,1154,1086,938,937,944,960,1015,1062,1078,1135,1174,1238,1295
 "09000","Connecticut",1,SAEXP2,6,"...","   Recreational goods and vehicles","Dollars",681,758,818,828,853,908,941,1028,1115,1161,1220,1213,1098,1066,1081,1083,1118,1116,1097,1111,1138,1208,1295
 "09000","Connecticut",1,SAEXP2,7,"...","   Other durable goods","Dollars",395,420,444,473,450,463,489,531,579,629,664,648,611,637,661,676,679,694,709,713,715,722,725
 "09000","Connecticut",1,SAEXP2,8,"...","  Nondurable goods","Dollars",5776,5824,6166,6433,6567,6678,6846,7342,7978,8413,8732,8892,8385,8608,9015,9110,9366,9692,9715,9785,10181,10369,10484
 "09000","Connecticut",1,SAEXP2,9,"...","   Food and beverages purchased for off-premises consumption","Dollars",1979,1996,2069,2117,2232,2297,2237,2385,2504,2628,2779,2837,2802,2851,2964,3037,3083,3199,3268,3288,3376,3376,3399
 "09000","Connecticut",1,SAEXP2,10,"...","   Clothing and footwear","Dollars",1139,1143,1161,1196,1150,1145,1151,1211,1288,1329,1314,1264,1170,1200,1207,1243,1241,1245,1250,1250,1243,1239,1243
 "09000","Connecticut",1,SAEXP2,11,"...","   Gasoline and other energy goods","Dollars",703,584,614,753,729,654,780,892,1062,1221,1260,1407,1040,1157,1365,1304,1329,1339,1054,898,1013,1132,1062
 "09000","Connecticut",1,SAEXP2,12,"...","   Other nondurable goods","Dollars",1955,2101,2321,2367,2455,2582,2679,2854,3124,3235,3380,3384,3373,3400,3479,3527,3713,3909,4144,4349,4548,4622,4779
 "09000","Connecticut",1,SAEXP2,13,"..."," Services","Dollars",16839,18056,19036,20038,20870,21602,22435,23739,25257,26821,28116,28987,28782,29183,29932,30661,31419,32667,33887,35203,36369,38033,39412
 "09000","Connecticut",1,SAEXP2,14,"...","  Household consumption expenditures (for services)","Dollars",16332,17390,18299,19222,19991,20606,21445,22706,24135,25513,26822,27543,27358,27793,28499,29082,29788,30983,32098,33229,34333,35823,37235
 "09000","Connecticut",1,SAEXP2,15,"...","   Housing and utilities","Dollars",5010,5256,5523,5789,6149,6327,6575,6879,7408,7840,8208,8433,8539,8483,8588,8679,8848,9219,9615,9990,10322,10753,11140
 "09000","Connecticut",1,SAEXP2,16,"...","   Health care","Dollars",3566,3736,3863,4000,4315,4628,4816,5100,5240,5487,5758,6061,6339,6504,6680,6861,7001,7245,7291,7595,7731,7892,8218
 "09000","Connecticut",1,SAEXP2,17,"...","   Transportation services","Dollars",1043,1063,1197,1240,1275,1254,1291,1336,1398,1446,1459,1439,1376,1414,1501,1517,1588,1643,1686,1699,1703,1753,1749
 "09000","Connecticut",1,SAEXP2,18,"...","   Recreation services","Dollars",785,949,1054,1121,1127,1166,1231,1347,1451,1573,1728,1691,1623,1616,1623,1648,1727,1786,1884,1983,2050,2136,2206
 "09000","Connecticut",1,SAEXP2,19,"...","   Food services and accommodations","Dollars",1189,1238,1333,1428,1433,1509,1592,1704,1800,1920,2024,2051,2017,2067,2135,2230,2290,2388,2525,2617,2664,2747,2795
 "09000","Connecticut",1,SAEXP2,20,"...","   Financial services and insurance","Dollars",2294,2388,2536,2782,2648,2566,2609,2829,3125,3363,3651,3780,3490,3654,3840,3957,4117,4254,4448,4469,4748,5141,5535
 "09000","Connecticut",1,SAEXP2,21,"...","   Other services","Dollars",2444,2761,2793,2861,3044,3156,3329,3512,3712,3883,3993,4088,3972,4055,4132,4191,4218,4448,4648,4877,5115,5402,5593
 "09000","Connecticut",1,SAEXP2,22,"...","  Final consumption expenditures of nonprofit institutions serving households (NPISHs)","Dollars",507,666,737,816,879,996,990,1033,1122,1308,1294,1445,1424,1390,1433,1579,1632,1684,1790,1974,2035,2210,2177
 "09000","Connecticut",1,SAEXP2,23,"...","   Gross output of nonprofit institutions","Dollars",2547,2766,2927,3107,3295,3613,3777,4057,4365,4717,4905,5185,5337,5457,5628,5904,6042,6261,6451,6893,7167,7444,7646
 "09000","Connecticut",1,SAEXP2,24,"...","   Less: Receipts from sales of goods and services by nonprofit institutions","Dollars",2040,2100,2190,2291,2416,2617,2787,3024,3243,3409,3610,3741,3913,4067,4194,4325,4411,4577,4662,4919,5132,5234,5469
 "10000","Delaware",2,SAEXP2,1,"...","Per capita personal consumption expenditures","Dollars",21592,22722,24142,25260,26368,27408,28644,30268,31971,33211,34537,35199,34486,35574,36855,37548,38424,39712,40871,41744,43035,44733,45827
 "10000","Delaware",2,SAEXP2,2,"..."," Goods","Dollars",8037,8382,9225,9568,9819,10286,10753,11344,11757,12035,12250,12009,11219,11597,12130,12271,12698,13016,13107,13194,13426,13905,14033
 "10000","Delaware",2,SAEXP2,3,"...","  Durable goods","Dollars",3296,3539,3889,3994,4094,4376,4579,4816,4916,4850,4892,4423,4085,4214,4382,4484,4551,4675,4809,4890,4930,5071,5115
 "10000","Delaware",2,SAEXP2,4,"...","   Motor vehicles and parts","Dollars",1407,1523,1678,1705,1761,1877,1893,1895,1817,1684,1684,1411,1375,1493,1587,1663,1720,1817,1907,1948,1985,2049,2025
 "10000","Delaware",2,SAEXP2,5,"...","   Furnishings and durable household equipment","Dollars",505,543,597,636,656,713,741,816,848,825,789,707,621,629,631,646,663,681,722,761,775,830,855
 "10000","Delaware",2,SAEXP2,6,"...","   Recreational goods and vehicles","Dollars",929,983,1075,1086,1121,1210,1337,1456,1577,1627,1667,1576,1390,1373,1391,1387,1380,1380,1374,1366,1351,1356,1394
 "10000","Delaware",2,SAEXP2,7,"...","   Other durable goods","Dollars",455,489,539,566,556,576,607,649,674,715,752,728,698,720,774,788,787,796,806,816,819,836,841
 "10000","Delaware",2,SAEXP2,8,"...","  Nondurable goods","Dollars",4741,4843,5336,5574,5725,5910,6174,6528,6841,7185,7359,7586,7134,7383,7748,7787,8147,8342,8298,8303,8496,8834,8918
 "10000","Delaware",2,SAEXP2,9,"...","   Food and beverages purchased for off-premises consumption","Dollars",2094,2127,2332,2368,2474,2560,2650,2755,2852,2976,3063,3128,3102,3131,3152,3161,3235,3309,3332,3298,3344,3457,3468
 "10000","Delaware",2,SAEXP2,10,"...","   Clothing and footwear","Dollars",957,997,1074,1090,1106,1117,1118,1137,1141,1112,1093,1051,997,1036,1109,1148,1145,1153,1152,1144,1142,1158,1153
 "10000","Delaware",2,SAEXP2,11,"...","   Gasoline and other energy goods","Dollars",496,425,476,587,550,529,640,766,935,1053,1143,1312,945,1076,1301,1281,1300,1263,1024,946,1074,1221,1170
 "10000","Delaware",2,SAEXP2,12,"...","   Other nondurable goods","Dollars",1195,1293,1454,1530,1595,1704,1766,1870,1913,2043,2060,2094,2091,2140,2185,2197,2467,2616,2790,2915,2936,2997,3128
 "10000","Delaware",2,SAEXP2,13,"..."," Services","Dollars",13554,14341,14917,15692,16549,17122,17891,18924,20214,21177,22287,23190,23267,23977,24725,25277,25726,26695,27764,28550,29609,30828,31794
 "10000","Delaware",2,SAEXP2,14,"...","  Household consumption expenditures (for services)","Dollars",13119,13797,14357,15083,15836,16359,17106,18099,19348,20241,21220,22034,22128,22855,23564,24068,24467,25416,26515,27267,28286,29474,30442
 "10000","Delaware",2,SAEXP2,15,"...","   Housing and utilities","Dollars",3926,4088,4280,4442,4705,4874,5007,5222,5536,5853,6100,6258,6329,6386,6529,6678,6802,7065,7397,7618,7828,8096,8335
 "10000","Delaware",2,SAEXP2,16,"...","   Health care","Dollars",3048,3183,3316,3467,3798,4135,4501,4865,5236,5406,5747,6122,6335,6696,6961,7099,7223,7578,7956,8200,8451,8712,9071
 "10000","Delaware",2,SAEXP2,17,"...","   Transportation services","Dollars",731,775,814,882,895,820,837,843,861,855,886,899,833,856,890,900,921,937,934,947,977,1011,1048
 "10000","Delaware",2,SAEXP2,18,"...","   Recreation services","Dollars",805,820,880,931,962,949,941,975,1045,1082,1113,1141,1147,1155,1165,1173,1190,1210,1240,1249,1283,1346,1381
 "10000","Delaware",2,SAEXP2,19,"...","   Food services and accommodations","Dollars",1443,1478,1543,1622,1639,1693,1766,1920,2016,2132,2214,2280,2249,2369,2408,2454,2478,2547,2698,2756,2750,2878,2994
 "10000","Delaware",2,SAEXP2,20,"...","   Financial services and insurance","Dollars",1268,1371,1449,1600,1544,1551,1597,1741,1889,1969,2048,2116,1991,2146,2312,2394,2480,2656,2810,2959,3315,3567,3600
 "10000","Delaware",2,SAEXP2,21,"...","   Other services","Dollars",1898,2083,2075,2140,2293,2337,2458,2533,2764,2944,3114,3218,3242,3247,3299,3370,3372,3423,3481,3539,3683,3864,4013
 "10000","Delaware",2,SAEXP2,22,"...","  Final consumption expenditures of nonprofit institutions serving households (NPISHs)","Dollars",435,544,560,609,713,763,785,825,866,936,1067,1157,1139,1122,1160,1209,1259,1279,1249,1283,1323,1354,1352
 "10000","Delaware",2,SAEXP2,23,"...","   Gross output of nonprofit institutions","Dollars",2160,2333,2361,2456,2710,2921,3042,3237,3409,3636,3813,3958,4061,4126,4241,4375,4500,4733,4742,4764,4757,4948,5141
 "10000","Delaware",2,SAEXP2,24,"...","   Less: Receipts from sales of goods and services by nonprofit institutions","Dollars",1725,1790,1801,1846,1997,2158,2257,2412,2543,2700,2746,2802,2922,3004,3081,3166,3241,3454,3493,3480,3434,3594,3790
 "11000","District of Columbia",2,SAEXP2,1,"...","Per capita personal consumption expenditures","Dollars",31919,32455,33796,35744,37573,39251,41413,44091,46648,48457,51037,52527,51010,51628,52744,53353,54368,56055,57646,59308,60895,63705,65352
 "11000","District of Columbia",2,SAEXP2,2,"..."," Goods","Dollars",9095,8957,9273,9557,9828,10187,10952,11667,12209,12661,12943,12544,11442,11515,11859,12070,12605,12831,13043,13423,14060,14750,15333
 "11000","District of Columbia",2,SAEXP2,3,"...","  Durable goods","Dollars",2930,3054,3190,3270,3431,3731,3988,4219,4368,4453,4557,4191,3712,3703,3839,3898,4058,4178,4323,4507,4698,4956,5216
 "11000","District of Columbia",2,SAEXP2,4,"...","   Motor vehicles and parts","Dollars",1227,1214,1167,1227,1252,1371,1443,1471,1471,1401,1430,1205,1091,1178,1212,1286,1284,1305,1384,1377,1386,1418,1431
 "11000","District of Columbia",2,SAEXP2,5,"...","   Furnishings and durable household equipment","Dollars",551,604,688,734,725,738,800,909,1024,1109,1112,1080,904,858,915,928,1073,1135,1164,1243,1264,1324,1402
 "11000","District of Columbia",2,SAEXP2,6,"...","   Recreational goods and vehicles","Dollars",669,730,792,762,907,1037,1112,1170,1175,1199,1233,1137,1006,936,948,932,959,980,979,1059,1189,1296,1436
 "11000","District of Columbia",2,SAEXP2,7,"...","   Other durable goods","Dollars",483,506,543,547,546,585,633,668,698,744,781,769,711,731,764,752,742,758,796,827,860,918,947
 "11000","District of Columbia",2,SAEXP2,8,"...","  Nondurable goods","Dollars",6165,5903,6083,6287,6397,6456,6964,7449,7841,8208,8387,8353,7730,7812,8020,8172,8547,8653,8720,8917,9363,9793,10117
 "11000","District of Columbia",2,SAEXP2,9,"...","   Food and beverages purchased for off-premises consumption","Dollars",2129,2141,2178,2258,2395,2437,2611,2788,2841,2993,3060,3240,3295,3382,3444,3539,3581,3714,3828,3815,3925,3982,4058
 "11000","District of Columbia",2,SAEXP2,10,"...","   Clothing and footwear","Dollars",1326,1308,1335,1321,1244,1226,1315,1358,1463,1500,1565,1540,1386,1401,1455,1428,1451,1521,1605,1668,1700,1732,1793
 "11000","District of Columbia",2,SAEXP2,11,"...","   Gasoline and other energy goods","Dollars",1002,733,722,854,745,671,773,896,1088,1161,1156,1173,746,802,893,1010,1053,861,646,575,631,748,696
 "11000","District of Columbia",2,SAEXP2,12,"...","   Other nondurable goods","Dollars",1708,1722,1848,1855,2013,2122,2265,2406,2448,2554,2606,2400,2303,2226,2229,2195,2461,2558,2642,2859,3107,3333,3571
 "11000","District of Columbia",2,SAEXP2,13,"..."," Services","Dollars",22824,23497,24524,26187,27745,29064,30461,32423,34439,35796,38094,39983,39568,40113,40886,41283,41764,43224,44603,45885,46834,48955,50019
 "11000","District of Columbia",2,SAEXP2,14,"...","  Household consumption expenditures (for services)","Dollars",22383,22953,23852,25321,26632,27810,29246,31229,33346,34676,36978,38407,38407,39019,39876,39895,40652,41938,43548,44472,45736,47317,48706
 "11000","District of Columbia",2,SAEXP2,15,"...","   Housing and utilities","Dollars",4607,4801,4997,5287,5566,5736,5956,6255,6732,7019,7488,7841,7943,8032,8319,8486,8828,9447,10189,10685,11143,11498,11936
 "11000","District of Columbia",2,SAEXP2,16,"...","   Health care","Dollars",5203,5305,5346,5369,5965,6501,6784,7130,7585,7802,8345,8701,9141,9174,9645,9565,9396,9437,9712,9834,10049,10201,10487
 "11000","District of Columbia",2,SAEXP2,17,"...","   Transportation services","Dollars",1024,1107,1127,1244,1245,1168,1189,1283,1329,1448,1455,1506,1479,1517,1534,1588,1686,1832,1930,2076,2165,2261,2360
 "11000","District of Columbia",2,SAEXP2,18,"...","   Recreation services","Dollars",885,954,962,1054,1115,1176,1294,1363,1567,1686,1780,1929,2020,2060,1939,1939,1880,1839,1872,1909,2020,2112,2125
 "11000","District of Columbia",2,SAEXP2,19,"...","   Food services and accommodations","Dollars",1559,1514,1607,1969,1956,1991,2203,2438,2725,2878,2992,3081,3071,3180,3273,3305,3425,3556,3775,3829,3924,4119,4271
 "11000","District of Columbia",2,SAEXP2,20,"...","   Financial services and insurance","Dollars",2519,2598,2615,2782,2545,2458,2486,2714,3010,3273,3566,3782,3520,3616,3724,3838,4044,4175,4326,4321,4360,4389,4398
 "11000","District of Columbia",2,SAEXP2,21,"...","   Other services","Dollars",6585,6674,7197,7615,8241,8779,9334,10046,10399,10571,11352,11567,11232,11440,11442,11173,11393,11650,11744,11817,12075,12736,13129
 "11000","District of Columbia",2,SAEXP2,22,"...","  Final consumption expenditures of nonprofit institutions serving households (NPISHs)","Dollars",440,545,672,865,1112,1254,1215,1194,1093,1120,1116,1576,1162,1094,1009,1388,1112,1286,1055,1413,1099,1638,1313
 "11000","District of Columbia",2,SAEXP2,23,"...","   Gross output of nonprofit institutions","Dollars",2635,2852,3104,3508,4028,4444,4864,5097,5158,5264,5616,6191,5813,5893,5872,6252,6154,6464,6401,6862,6572,7251,7102
 "11000","District of Columbia",2,SAEXP2,24,"...","   Less: Receipts from sales of goods and services by nonprofit institutions","Dollars",2195,2307,2432,2643,2916,3189,3648,3903,4064,4144,4500,4615,4652,4799,4863,4864,5041,5178,5347,5448,5473,5612,5790
 "12000","Florida",5,SAEXP2,1,"...","Per capita personal consumption expenditures","Dollars",20705,21701,22597,24092,24839,25200,26186,27720,29389,31087,32081,32251,31540,32352,33571,34474,35145,36647,37944,38766,39850,41522,43018
 "12000","Florida",5,SAEXP2,2,"..."," Goods","Dollars",7556,7913,8353,8850,9062,9040,9376,10052,10783,11299,11410,10992,10280,10628,11173,11497,11974,12481,12753,12841,13237,13841,14228
 "12000","Florida",5,SAEXP2,3,"...","  Durable goods","Dollars",2926,3135,3300,3454,3552,3667,3786,4073,4421,4523,4445,3905,3490,3596,3763,3925,4166,4387,4605,4699,4871,5138,5271
 "12000","Florida",5,SAEXP2,4,"...","   Motor vehicles and parts","Dollars",1219,1318,1382,1432,1466,1510,1494,1550,1621,1579,1522,1213,1082,1175,1236,1333,1417,1501,1631,1629,1668,1744,1729
 "12000","Florida",5,SAEXP2,5,"...","   Furnishings and durable household equipment","Dollars",707,764,812,857,908,946,982,1078,1192,1237,1156,1025,904,905,935,976,1030,1103,1170,1218,1269,1362,1411
 "12000","Florida",5,SAEXP2,6,"...","   Recreational goods and vehicles","Dollars",741,781,820,859,880,908,982,1086,1223,1283,1304,1220,1073,1064,1108,1119,1175,1210,1217,1271,1350,1428,1526
 "12000","Florida",5,SAEXP2,7,"...","   Other durable goods","Dollars",260,272,286,307,298,303,328,360,385,425,462,447,431,452,484,497,544,572,587,580,585,603,604
 "12000","Florida",5,SAEXP2,8,"...","  Nondurable goods","Dollars",4629,4778,5054,5396,5509,5373,5590,5979,6363,6776,6965,7086,6790,7032,7410,7571,7808,8094,8148,8142,8366,8703,8957
 "12000","Florida",5,SAEXP2,9,"...","   Food and beverages purchased for off-premises consumption","Dollars",1903,1968,2026,2141,2204,2134,2199,2327,2446,2541,2614,2691,2675,2679,2759,2803,2866,2965,3055,3076,3143,3252,3361
 "12000","Florida",5,SAEXP2,10,"...","   Clothing and footwear","Dollars",756,765,785,818,809,786,807,844,862,906,922,893,860,904,951,999,1017,1052,1068,1066,1045,1078,1084
 "12000","Florida",5,SAEXP2,11,"...","   Gasoline and other energy goods","Dollars",463,428,469,550,535,489,544,637,772,890,948,1007,720,845,1025,1068,1055,1015,773,677,764,837,798
 "12000","Florida",5,SAEXP2,12,"...","   Other nondurable goods","Dollars",1508,1617,1774,1887,1962,1963,2040,2171,2282,2439,2480,2495,2535,2604,2675,2701,2869,3062,3252,3323,3414,3536,3713
 "12000","Florida",5,SAEXP2,13,"..."," Services","Dollars",13149,13788,14244,15242,15777,16160,16810,17668,18605,19788,20671,21260,21259,21724,22398,22977,23172,24166,25191,25925,26613,27682,28790
 "12000","Florida",5,SAEXP2,14,"...","  Household consumption expenditures (for services)","Dollars",13131,13719,14131,15083,15599,15965,16637,17495,18498,19624,20456,21013,21079,21567,22244,22796,23004,23991,25024,25748,26440,27489,28598
 "12000","Florida",5,SAEXP2,15,"...","   Housing and utilities","Dollars",3825,3996,4127,4316,4578,4673,4828,4966,5257,5581,5795,6011,6313,6339,6456,6531,6582,6795,7056,7292,7519,7759,8065
 "12000","Florida",5,SAEXP2,16,"...","   Health care","Dollars",3052,3139,3177,3379,3642,3933,4105,4328,4512,4738,4948,5133,5357,5462,5579,5761,5758,6032,6290,6499,6579,6808,7107
 "12000","Florida",5,SAEXP2,17,"...","   Transportation services","Dollars",698,723,741,800,765,719,742,765,794,832,837,832,769,784,843,871,916,987,1037,1085,1117,1171,1202
 "12000","Florida",5,SAEXP2,18,"...","   Recreation services","Dollars",696,711,735,797,804,801,853,925,965,1025,1073,1096,1059,1077,1074,1107,1125,1198,1301,1373,1428,1490,1532
 "12000","Florida",5,SAEXP2,19,"...","   Food services and accommodations","Dollars",1642,1668,1687,1762,1788,1820,1923,2083,2244,2352,2418,2434,2343,2438,2583,2731,2792,2953,3135,3209,3261,3409,3491
 "12000","Florida",5,SAEXP2,20,"...","   Financial services and insurance","Dollars",1566,1701,1859,2065,1924,1869,1920,2088,2305,2510,2727,2821,2626,2811,3009,3068,3124,3196,3308,3317,3464,3626,3796
 "12000","Florida",5,SAEXP2,21,"...","   Other services","Dollars",1652,1782,1806,1963,2098,2149,2267,2340,2422,2586,2657,2686,2613,2657,2700,2726,2707,2830,2898,2974,3071,3227,3405
 "12000","Florida",5,SAEXP2,22,"...","  Final consumption expenditures of nonprofit institutions serving households (NPISHs)","Dollars",18,69,113,159,179,194,173,173,108,165,216,246,180,157,155,181,167,175,167,177,173,192,192
 "12000","Florida",5,SAEXP2,23,"...","   Gross output of nonprofit institutions","Dollars",1071,1149,1247,1356,1443,1532,1610,1700,1811,1953,2100,2163,2157,2199,2230,2289,2300,2386,2491,2590,2621,2721,2800
 "12000","Florida",5,SAEXP2,24,"...","   Less: Receipts from sales of goods and services by nonprofit institutions","Dollars",1052,1080,1134,1197,1264,1338,1437,1528,1703,1788,1884,1917,1977,2041,2076,2108,2133,2211,2325,2413,2448,2529,2608
 "13000","Georgia",5,SAEXP2,1,"...","Per capita personal consumption expenditures","Dollars",18899,19645,20777,22072,22699,23318,24284,25365,26731,27765,28693,28796,27864,28488,29577,30264,31031,32298,33273,34316,35705,37101,38076
 "13000","Georgia",5,SAEXP2,2,"..."," Goods","Dollars",7589,7815,8447,8794,8909,9000,9301,9715,10222,10594,10804,10453,9723,10082,10600,10860,11100,11506,11643,11661,12235,12785,13055
 "13000","Georgia",5,SAEXP2,3,"...","  Durable goods","Dollars",2831,3008,3283,3338,3404,3458,3553,3654,3713,3779,3827,3344,2988,3105,3183,3317,3430,3571,3801,3933,4108,4324,4446
 "13000","Georgia",5,SAEXP2,4,"...","   Motor vehicles and parts","Dollars",1249,1351,1459,1459,1526,1559,1521,1510,1505,1444,1440,1150,1019,1103,1157,1240,1315,1378,1495,1553,1590,1657,1663
 "13000","Georgia",5,SAEXP2,5,"...","   Furnishings and durable household equipment","Dollars",721,755,817,844,856,855,888,932,954,987,969,858,758,760,756,769,787,817,874,923,973,1040,1089
 "13000","Georgia",5,SAEXP2,6,"...","   Recreational goods and vehicles","Dollars",539,564,641,663,660,667,742,780,805,855,899,834,734,749,750,781,785,810,850,882,961,1026,1094
 "13000","Georgia",5,SAEXP2,7,"...","   Other durable goods","Dollars",322,339,367,372,362,377,402,432,450,493,519,501,477,493,520,527,543,565,583,575,583,601,601
 "13000","Georgia",5,SAEXP2,8,"...","  Nondurable goods","Dollars",4758,4807,5164,5457,5505,5542,5748,6061,6508,6814,6977,7109,6735,6977,7417,7543,7669,7935,7842,7728,8127,8461,8609
 "13000","Georgia",5,SAEXP2,9,"...","   Food and beverages purchased for off-premises consumption","Dollars",1725,1764,1844,1924,1961,1973,2017,2104,2198,2255,2329,2382,2413,2448,2560,2644,2695,2825,2872,2877,3003,3069,3128
 "13000","Georgia",5,SAEXP2,10,"...","   Clothing and footwear","Dollars",955,971,1029,1006,996,1002,989,1004,1049,1075,1058,1011,958,977,998,1010,1039,1076,1101,1109,1105,1140,1148
 "13000","Georgia",5,SAEXP2,11,"...","   Gasoline and other energy goods","Dollars",596,532,590,730,696,636,720,843,1083,1187,1231,1362,985,1134,1387,1379,1364,1320,1009,872,988,1096,1038
 "13000","Georgia",5,SAEXP2,12,"...","   Other nondurable goods","Dollars",1482,1540,1701,1798,1852,1931,2022,2110,2179,2298,2358,2354,2379,2417,2472,2510,2571,2714,2860,2870,3031,3156,3295
 "13000","Georgia",5,SAEXP2,13,"..."," Services","Dollars",11310,11831,12330,13277,13791,14317,14982,15651,16509,17171,17889,18342,18141,18406,18977,19404,19931,20791,21630,22655,23469,24316,25020
 "13000","Georgia",5,SAEXP2,14,"...","  Household consumption expenditures (for services)","Dollars",11246,11761,12218,13135,13585,14085,14738,15425,16359,16980,17649,18015,17846,18144,18689,19084,19589,20437,21272,22287,23105,23957,24681
 "13000","Georgia",5,SAEXP2,15,"...","   Housing and utilities","Dollars",3341,3474,3544,3784,3967,4094,4244,4420,4728,4878,4988,5127,5200,5285,5363,5358,5428,5618,5810,6094,6317,6547,6843
 "13000","Georgia",5,SAEXP2,16,"...","   Health care","Dollars",2750,2814,2812,2962,3132,3358,3551,3732,3934,4012,4139,4200,4321,4348,4461,4673,4812,4992,5317,5649,5799,6067,6215
 "13000","Georgia",5,SAEXP2,17,"...","   Transportation services","Dollars",535,566,595,636,595,559,616,611,625,647,674,693,644,657,720,723,761,819,854,876,925,977,1018
 "13000","Georgia",5,SAEXP2,18,"...","   Recreation services","Dollars",570,592,655,697,711,727,741,783,846,891,958,983,971,999,1020,1077,1128,1177,1212,1290,1334,1331,1344
 "13000","Georgia",5,SAEXP2,19,"...","   Food services and accommodations","Dollars",1343,1387,1452,1556,1564,1594,1685,1772,1864,1940,1971,1974,1918,1958,2029,2099,2192,2342,2416,2533,2636,2738,2811
 "13000","Georgia",5,SAEXP2,20,"...","   Financial services and insurance","Dollars",1155,1235,1349,1523,1482,1508,1581,1710,1833,1944,2117,2195,2076,2138,2216,2204,2237,2304,2420,2489,2597,2695,2719
 "13000","Georgia",5,SAEXP2,21,"...","   Other services","Dollars",1551,1692,1811,1977,2135,2245,2321,2396,2530,2667,2803,2843,2716,2758,2880,2949,3031,3184,3243,3356,3497,3602,3731
 "13000","Georgia",5,SAEXP2,22,"...","  Final consumption expenditures of nonprofit institutions serving households (NPISHs)","Dollars",65,70,112,142,206,233,244,226,150,191,240,327,294,262,288,320,342,355,358,369,364,359,339
 "13000","Georgia",5,SAEXP2,23,"...","   Gross output of nonprofit institutions","Dollars",1387,1507,1605,1694,1875,2019,2160,2276,2290,2398,2563,2657,2683,2695,2746,2812,2909,2992,3188,3403,3514,3675,3711
 "13000","Georgia",5,SAEXP2,24,"...","   Less: Receipts from sales of goods and services by nonprofit institutions","Dollars",1322,1437,1492,1552,1670,1786,1916,2050,2140,2207,2323,2329,2389,2434,2458,2492,2567,2638,2830,3034,3150,3316,3372
 "15000","Hawaii",8,SAEXP2,1,"...","Per capita personal consumption expenditures","Dollars",21366,21790,22699,24157,24885,25566,27025,28510,30601,32348,33736,34980,34425,35336,36695,38023,38890,40504,41674,43055,44971,47425,49435
 "15000","Hawaii",8,SAEXP2,2,"..."," Goods","Dollars",7327,7235,7738,8215,8512,8741,9271,9980,10654,11143,11503,11583,11208,11387,11812,12087,12325,12544,12591,12864,13417,14194,14690
 "15000","Hawaii",8,SAEXP2,3,"...","  Durable goods","Dollars",2230,2262,2490,2705,2871,3105,3421,3721,3934,4031,4076,3847,3540,3539,3670,3845,4009,4096,4198,4305,4501,4773,4885
 "15000","Hawaii",8,SAEXP2,4,"...","   Motor vehicles and parts","Dollars",732,767,863,957,1033,1187,1339,1371,1351,1279,1233,1013,896,907,964,1028,1098,1160,1248,1283,1334,1362,1334
 "15000","Hawaii",8,SAEXP2,5,"...","   Furnishings and durable household equipment","Dollars",508,507,554,595,649,687,763,849,943,963,964,916,827,818,821,834,856,899,943,996,1062,1134,1165
 "15000","Hawaii",8,SAEXP2,6,"...","   Recreational goods and vehicles","Dollars",624,633,702,769,831,887,948,1097,1191,1299,1366,1408,1334,1303,1301,1368,1368,1313,1247,1226,1272,1394,1492
 "15000","Hawaii",8,SAEXP2,7,"...","   Other durable goods","Dollars",366,355,370,384,358,344,372,403,449,489,513,510,483,511,584,615,687,723,761,799,833,883,894
 "15000","Hawaii",8,SAEXP2,8,"...","  Nondurable goods","Dollars",5097,4974,5248,5510,5641,5636,5849,6259,6720,7112,7427,7736,7667,7848,8141,8242,8317,8448,8392,8560,8916,9421,9806
 "15000","Hawaii",8,SAEXP2,9,"...","   Food and beverages purchased for off-premises consumption","Dollars",2163,2119,2227,2321,2436,2470,2506,2623,2793,2926,3059,3173,3301,3338,3451,3441,3499,3554,3576,3620,3767,3966,4141
 "15000","Hawaii",8,SAEXP2,10,"...","   Clothing and footwear","Dollars",815,757,753,758,715,651,664,687,738,749,745,734,698,733,794,843,837,859,860,886,900,971,983
 "15000","Hawaii",8,SAEXP2,11,"...","   Gasoline and other energy goods","Dollars",425,373,400,486,441,414,475,559,658,761,803,908,651,735,843,827,789,739,546,528,596,681,631
 "15000","Hawaii",8,SAEXP2,12,"...","   Other nondurable goods","Dollars",1694,1724,1869,1945,2049,2102,2205,2391,2532,2676,2820,2920,3017,3043,3053,3131,3192,3294,3410,3526,3652,3803,4051
 "15000","Hawaii",8,SAEXP2,13,"..."," Services","Dollars",14039,14555,14962,15942,16373,16825,17754,18530,19947,21206,22233,23398,23217,23949,24884,25936,26565,27960,29083,30191,31555,33232,34744
 "15000","Hawaii",8,SAEXP2,14,"...","  Household consumption expenditures (for services)","Dollars",13344,13746,14181,15060,15435,15800,16647,17407,18700,19735,20754,21769,21640,22389,23292,24199,24844,26130,27312,28302,29636,31176,32654
 "15000","Hawaii",8,SAEXP2,15,"...","   Housing and utilities","Dollars",3912,4108,4350,4644,4898,5032,5191,5409,5754,6142,6490,6976,7071,7394,7780,8041,8288,8722,9162,9534,9948,10341,10726
 "15000","Hawaii",8,SAEXP2,16,"...","   Health care","Dollars",3158,3184,3210,3289,3493,3664,3983,4048,4405,4509,4786,5037,5137,5100,5110,5328,5390,5650,5982,6223,6569,6961,7390
 "15000","Hawaii",8,SAEXP2,17,"...","   Transportation services","Dollars",717,755,780,889,830,821,860,923,982,1015,1010,1027,962,1008,1124,1190,1245,1267,1251,1305,1334,1454,1531
 "15000","Hawaii",8,SAEXP2,18,"...","   Recreation services","Dollars",756,746,752,814,814,814,842,902,962,1012,1056,1103,1087,1133,1141,1291,1386,1454,1501,1546,1596,1652,1690
 "15000","Hawaii",8,SAEXP2,19,"...","   Food services and accommodations","Dollars",1115,1091,1105,1214,1173,1195,1298,1438,1554,1666,1737,1720,1645,1726,1847,1996,2045,2131,2221,2302,2393,2480,2575
 "15000","Hawaii",8,SAEXP2,20,"...","   Financial services and insurance","Dollars",1500,1583,1687,1851,1801,1806,1861,1962,2138,2266,2447,2582,2517,2760,2930,2918,2992,3205,3340,3440,3682,3937,4108
 "15000","Hawaii",8,SAEXP2,21,"...","   Other services","Dollars",2187,2277,2297,2359,2427,2468,2612,2724,2904,3124,3229,3323,3220,3268,3361,3435,3498,3702,3854,3952,4114,4351,4635
 "15000","Hawaii",8,SAEXP2,22,"...","  Final consumption expenditures of nonprofit institutions serving households (NPISHs)","Dollars",695,809,781,883,939,1025,1108,1123,1248,1471,1479,1629,1577,1561,1591,1737,1721,1830,1772,1889,1919,2055,2090
 "15000","Hawaii",8,SAEXP2,23,"...","   Gross output of nonprofit institutions","Dollars",2229,2424,2399,2578,2693,2878,3045,3167,3462,3829,3924,4165,4249,4340,4477,4764,4826,5124,5207,5410,5572,5940,6238
 "15000","Hawaii",8,SAEXP2,24,"...","   Less: Receipts from sales of goods and services by nonprofit institutions","Dollars",1534,1615,1618,1695,1755,1854,1937,2045,2214,2358,2445,2536,2672,2779,2886,3027,3105,3294,3436,3521,3653,3885,4148
 "16000","Idaho",7,SAEXP2,1,"...","Per capita personal consumption expenditures","Dollars",17192,17825,18844,20035,20548,21099,22048,23302,24917,26331,27282,27490,26481,27054,28091,29003,29984,31126,32219,33339,34899,36323,37183
 "16000","Idaho",7,SAEXP2,2,"..."," Goods","Dollars",7164,7287,7771,8263,8256,8263,8716,9268,10101,10790,11063,10734,9761,9980,10403,10755,11130,11512,11616,11820,12291,12606,12598
 "16000","Idaho",7,SAEXP2,3,"...","  Durable goods","Dollars",2777,2913,3081,3205,3186,3275,3401,3690,4032,4183,4255,3789,3348,3338,3393,3542,3796,4009,4328,4535,4810,4986,5021
 "16000","Idaho",7,SAEXP2,4,"...","   Motor vehicles and parts","Dollars",1259,1315,1354,1311,1327,1388,1391,1454,1490,1502,1557,1288,1118,1137,1158,1248,1348,1450,1615,1681,1823,1874,1807
 "16000","Idaho",7,SAEXP2,5,"...","   Furnishings and durable household equipment","Dollars",564,596,656,726,726,740,761,837,961,1032,991,893,765,746,736,759,807,839,896,935,977,1041,1092
 "16000","Idaho",7,SAEXP2,6,"...","   Recreational goods and vehicles","Dollars",666,709,762,834,816,827,901,1017,1160,1189,1204,1123,985,966,995,1016,1102,1168,1253,1359,1444,1491,1540
 "16000","Idaho",7,SAEXP2,7,"...","   Other durable goods","Dollars",288,294,309,334,317,320,349,382,421,460,502,485,478,490,504,519,540,551,564,560,566,581,581
 "16000","Idaho",7,SAEXP2,8,"...","  Nondurable goods","Dollars",4386,4373,4690,5058,5070,4987,5315,5577,6070,6607,6809,6945,6414,6642,7010,7213,7334,7503,7288,7284,7481,7620,7577
 "16000","Idaho",7,SAEXP2,9,"...","   Food and beverages purchased for off-premises consumption","Dollars",1860,1882,2019,2092,2100,2006,2134,2212,2314,2497,2604,2575,2544,2490,2556,2676,2746,2838,2883,2924,2943,2913,2903
 "16000","Idaho",7,SAEXP2,10,"...","   Clothing and footwear","Dollars",630,625,635,667,671,657,673,685,723,753,771,760,730,736,744,785,799,803,816,842,831,872,875
 "16000","Idaho",7,SAEXP2,11,"...","   Gasoline and other energy goods","Dollars",667,581,645,818,762,716,806,907,1104,1291,1381,1555,1100,1351,1591,1594,1614,1571,1206,1051,1202,1336,1220
 "16000","Idaho",7,SAEXP2,12,"...","   Other nondurable goods","Dollars",1229,1286,1393,1481,1537,1608,1701,1773,1928,2066,2052,2056,2040,2065,2118,2157,2175,2290,2383,2466,2506,2498,2579
 "16000","Idaho",7,SAEXP2,13,"..."," Services","Dollars",10029,10538,11072,11772,12292,12836,13332,14034,14815,15541,16219,16756,16720,17073,17688,18247,18854,19614,20604,21519,22608,23717,24585
 "16000","Idaho",7,SAEXP2,14,"...","  Household consumption expenditures (for services)","Dollars",9785,10254,10735,11423,11889,12407,12909,13660,14504,15211,15897,16361,16339,16708,17338,17859,18472,19254,20283,21178,22183,23292,24184
 "16000","Idaho",7,SAEXP2,15,"...","   Housing and utilities","Dollars",3116,3257,3397,3591,3812,3969,4017,4191,4465,4568,4675,4846,4926,4915,5149,5370,5639,5797,6095,6206,6405,6508,6607
 "16000","Idaho",7,SAEXP2,16,"...","   Health care","Dollars",2152,2273,2371,2522,2728,3007,3194,3395,3641,3796,3981,4130,4336,4493,4715,4877,4994,5265,5614,5958,6171,6487,6777
 "16000","Idaho",7,SAEXP2,17,"...","   Transportation services","Dollars",526,558,602,656,655,658,676,697,735,774,802,801,739,718,731,729,780,823,852,893,928,998,1060
 "16000","Idaho",7,SAEXP2,18,"...","   Recreation services","Dollars",602,596,640,672,658,690,729,819,883,991,1065,1070,1016,1025,1014,1061,1104,1153,1248,1370,1488,1629,1711
 "16000","Idaho",7,SAEXP2,19,"...","   Food services and accommodations","Dollars",1033,1080,1110,1190,1213,1255,1313,1386,1464,1578,1658,1675,1589,1621,1682,1754,1784,1885,1993,2080,2178,2306,2390
 "16000","Idaho",7,SAEXP2,20,"...","   Financial services and insurance","Dollars",1246,1324,1419,1579,1541,1529,1588,1720,1849,1939,2090,2177,2085,2248,2380,2414,2541,2663,2736,2847,3098,3347,3508
 "16000","Idaho",7,SAEXP2,21,"...","   Other services","Dollars",1110,1165,1198,1212,1282,1300,1393,1453,1466,1566,1625,1662,1648,1688,1667,1653,1630,1667,1744,1823,1913,2017,2132
 "16000","Idaho",7,SAEXP2,22,"...","  Final consumption expenditures of nonprofit institutions serving households (NPISHs)","Dollars",244,284,337,349,403,429,422,374,311,330,322,395,381,365,350,388,382,360,321,341,424,425,401
 "16000","Idaho",7,SAEXP2,23,"...","   Gross output of nonprofit institutions","Dollars",1567,1653,1753,1796,1937,2064,2126,2152,2170,2284,2348,2493,2596,2724,2802,2942,3010,3160,3376,3653,3391,3564,3666
 "16000","Idaho",7,SAEXP2,24,"...","   Less: Receipts from sales of goods and services by nonprofit institutions","Dollars",1323,1369,1416,1447,1534,1635,1704,1778,1859,1954,2026,2098,2215,2359,2452,2553,2628,2800,3055,3312,2967,3138,3265
 "17000","Illinois",3,SAEXP2,1,"...","Per capita personal consumption expenditures","Dollars",21327,22370,23422,25187,25980,26756,27812,29226,30800,32255,33665,34267,33418,34337,35477,36240,36861,38394,39774,41139,42818,44741,46198
 "17000","Illinois",3,SAEXP2,2,"..."," Goods","Dollars",7338,7548,7990,8615,8696,8843,9065,9558,9976,10414,10907,10674,10028,10381,10946,11126,11247,11508,11708,11923,12448,12986,13456
 "17000","Illinois",3,SAEXP2,3,"...","  Durable goods","Dollars",2752,2912,3142,3350,3387,3497,3488,3633,3727,3739,3937,3595,3311,3409,3548,3630,3725,3829,3990,4121,4274,4402,4576
 "17000","Illinois",3,SAEXP2,4,"...","   Motor vehicles and parts","Dollars",1140,1211,1327,1331,1403,1415,1382,1383,1364,1277,1292,1132,1070,1119,1175,1232,1268,1339,1420,1451,1473,1521,1524
 "17000","Illinois",3,SAEXP2,5,"...","   Furnishings and durable household equipment","Dollars",602,626,660,749,756,787,805,838,879,883,904,824,739,743,752,768,791,811,868,920,960,988,1017
 "17000","Illinois",3,SAEXP2,6,"...","   Recreational goods and vehicles","Dollars",635,672,725,805,787,842,828,898,941,994,1107,1025,924,942,974,979,1003,1004,1003,1046,1121,1153,1268
 "17000","Illinois",3,SAEXP2,7,"...","   Other durable goods","Dollars",376,402,430,465,441,454,473,513,542,584,634,613,579,605,647,652,662,675,699,704,721,739,767
 "17000","Illinois",3,SAEXP2,8,"...","  Nondurable goods","Dollars",4585,4636,4849,5265,5310,5345,5577,5925,6249,6675,6970,7079,6717,6972,7397,7496,7523,7678,7718,7802,8174,8585,8880
 "17000","Illinois",3,SAEXP2,9,"...","   Food and beverages purchased for off-premises consumption","Dollars",1596,1600,1638,1763,1817,1847,1932,2048,2136,2263,2376,2396,2350,2355,2433,2452,2480,2547,2616,2644,2742,2835,2942
 "17000","Illinois",3,SAEXP2,10,"...","   Clothing and footwear","Dollars",980,1016,1030,1090,1056,1031,1044,1081,1130,1144,1142,1117,1054,1091,1142,1163,1172,1204,1238,1258,1259,1297,1314
 "17000","Illinois",3,SAEXP2,11,"...","   Gasoline and other energy goods","Dollars",446,390,423,515,485,453,529,616,733,844,926,1046,759,889,1091,1116,1081,1042,797,709,809,963,879
 "17000","Illinois",3,SAEXP2,12,"...","   Other nondurable goods","Dollars",1564,1630,1758,1898,1952,2014,2073,2180,2250,2423,2526,2520,2554,2637,2731,2765,2790,2885,3068,3190,3363,3490,3744
 "17000","Illinois",3,SAEXP2,13,"..."," Services","Dollars",13989,14823,15432,16571,17284,17913,18747,19668,20825,21841,22758,23593,23390,23956,24531,25115,25614,26886,28067,29217,30370,31755,32742
 "17000","Illinois",3,SAEXP2,14,"...","  Household consumption expenditures (for services)","Dollars",13298,14005,14573,15606,16245,16784,17623,18559,19697,20586,21535,22159,21973,22491,23018,23433,23941,25123,26320,27315,28417,29635,30668
 "17000","Illinois",3,SAEXP2,15,"...","   Housing and utilities","Dollars",3924,4051,4218,4502,4804,4910,5148,5359,5765,5977,6217,6445,6410,6417,6477,6461,6559,6876,7081,7364,7692,8007,8350
 "17000","Illinois",3,SAEXP2,16,"...","   Health care","Dollars",2871,2974,3078,3265,3502,3740,3922,4132,4395,4626,4961,5138,5341,5572,5670,5822,5947,6233,6498,6781,6990,7216,7378
 "17000","Illinois",3,SAEXP2,17,"...","   Transportation services","Dollars",939,985,1033,1091,1048,983,1014,1041,1078,1115,1142,1162,1097,1127,1228,1248,1300,1390,1464,1512,1564,1646,1679
 "17000","Illinois",3,SAEXP2,18,"...","   Recreation services","Dollars",816,852,887,935,949,976,1020,1099,1162,1237,1325,1373,1367,1422,1439,1497,1521,1556,1675,1741,1775,1845,1889
 "17000","Illinois",3,SAEXP2,19,"...","   Food services and accommodations","Dollars",1268,1356,1354,1450,1510,1550,1628,1736,1860,1976,2068,2095,2047,2091,2173,2256,2313,2399,2603,2719,2826,2963,3074
 "17000","Illinois",3,SAEXP2,20,"...","   Financial services and insurance","Dollars",1434,1572,1730,1952,1881,1962,2074,2272,2417,2478,2519,2510,2278,2356,2465,2569,2674,2834,3041,3150,3359,3544,3696
 "17000","Illinois",3,SAEXP2,21,"...","   Other services","Dollars",2045,2215,2274,2410,2551,2663,2817,2920,3019,3177,3303,3434,3433,3506,3566,3581,3628,3835,3958,4049,4211,4412,4601
 "17000","Illinois",3,SAEXP2,22,"...","  Final consumption expenditures of nonprofit institutions serving households (NPISHs)","Dollars",691,818,859,965,1039,1130,1123,1109,1128,1255,1223,1434,1417,1465,1513,1682,1673,1763,1747,1901,1953,2120,2074
 "17000","Illinois",3,SAEXP2,23,"...","   Gross output of nonprofit institutions","Dollars",2540,2761,2843,3033,3210,3466,3531,3655,3817,4059,4130,4410,4533,4681,4802,5060,5138,5384,5523,5843,6028,6450,6534
 "17000","Illinois",3,SAEXP2,24,"...","   Less: Receipts from sales of goods and services by nonprofit institutions","Dollars",1849,1943,1984,2068,2171,2337,2408,2546,2689,2804,2907,2976,3116,3215,3289,3378,3465,3621,3776,3941,4075,4330,4461
 "18000","Indiana",3,SAEXP2,1,"...","Per capita personal consumption expenditures","Dollars",18675,19564,20666,21748,22539,23304,24257,25740,26999,27924,28754,29237,28676,29421,30540,31621,32211,33115,33896,35064,36715,38093,39145
 "18000","Indiana",3,SAEXP2,2,"..."," Goods","Dollars",7370,7599,8148,8520,8651,8820,9143,9653,10021,10311,10499,10480,9815,10235,10774,11083,11256,11510,11584,11853,12461,12852,13038
 "18000","Indiana",3,SAEXP2,3,"...","  Durable goods","Dollars",2615,2785,3006,3077,3104,3221,3282,3430,3475,3428,3430,3170,2941,3066,3165,3285,3350,3487,3681,3815,4022,4171,4251
 "18000","Indiana",3,SAEXP2,4,"...","   Motor vehicles and parts","Dollars",1156,1233,1328,1304,1340,1382,1348,1362,1307,1217,1226,1046,989,1063,1106,1161,1202,1290,1408,1430,1500,1581,1575
 "18000","Indiana",3,SAEXP2,5,"...","   Furnishings and durable household equipment","Dollars",565,596,648,690,690,715,736,774,808,814,795,748,671,696,713,743,756,774,824,873,922,964,989
 "18000","Indiana",3,SAEXP2,6,"...","   Recreational goods and vehicles","Dollars",598,643,694,728,731,769,827,902,947,956,946,921,843,848,863,891,900,921,935,990,1069,1090,1146
 "18000","Indiana",3,SAEXP2,7,"...","   Other durable goods","Dollars",296,313,337,354,342,355,372,392,413,441,463,455,439,459,483,491,492,502,514,522,531,537,541
 "18000","Indiana",3,SAEXP2,8,"...","  Nondurable goods","Dollars",4756,4814,5141,5444,5547,5599,5861,6223,6546,6884,7069,7310,6874,7170,7609,7798,7905,8024,7903,8038,8439,8680,8787
 "18000","Indiana",3,SAEXP2,9,"...","   Food and beverages purchased for off-premises consumption","Dollars",1799,1822,1881,1908,1930,1935,1990,2114,2214,2271,2320,2406,2415,2409,2473,2524,2574,2649,2750,2827,2923,2954,2985
 "18000","Indiana",3,SAEXP2,10,"...","   Clothing and footwear","Dollars",795,814,858,867,863,868,873,880,891,897,882,866,834,862,889,903,898,911,928,965,973,998,1009
 "18000","Indiana",3,SAEXP2,11,"...","   Gasoline and other energy goods","Dollars",629,570,636,796,797,742,863,1010,1193,1350,1456,1613,1138,1334,1599,1632,1617,1521,1157,1034,1163,1317,1255
 "18000","Indiana",3,SAEXP2,12,"...","   Other nondurable goods","Dollars",1533,1607,1766,1873,1956,2055,2134,2219,2248,2366,2411,2425,2488,2565,2648,2739,2816,2943,3068,3212,3379,3411,3539
 "18000","Indiana",3,SAEXP2,13,"..."," Services","Dollars",11304,11964,12518,13228,13889,14484,15114,16086,16978,17613,18255,18756,18861,19186,19766,20538,20955,21605,22312,23211,24254,25241,26107
 "18000","Indiana",3,SAEXP2,14,"...","  Household consumption expenditures (for services)","Dollars",10815,11382,11904,12559,13179,13742,14413,15330,16158,16742,17436,17815,17913,18217,18756,19458,19851,20475,21189,22001,22994,23920,24806
 "18000","Indiana",3,SAEXP2,15,"...","   Housing and utilities","Dollars",3058,3183,3337,3504,3766,3874,4017,4183,4492,4675,4823,5002,5030,5021,5120,5166,5281,5451,5594,5713,5913,6114,6325
 "18000","Indiana",3,SAEXP2,16,"...","   Health care","Dollars",2690,2848,2945,3112,3353,3643,3894,4242,4451,4676,4971,5085,5409,5559,5763,6218,6315,6484,6732,7118,7519,7812,8156
 "18000","Indiana",3,SAEXP2,17,"...","   Transportation services","Dollars",689,723,779,817,824,807,814,823,857,862,876,873,811,821,875,902,941,1002,1043,1119,1153,1199,1216
 "18000","Indiana",3,SAEXP2,18,"...","   Recreation services","Dollars",869,883,908,944,946,970,1019,1086,1113,1128,1188,1238,1229,1268,1272,1323,1365,1380,1424,1486,1520,1557,1600
 "18000","Indiana",3,SAEXP2,19,"...","   Food services and accommodations","Dollars",1155,1205,1276,1325,1360,1413,1468,1557,1630,1696,1728,1751,1731,1781,1853,1929,1983,2033,2141,2197,2240,2324,2368
 "18000","Indiana",3,SAEXP2,20,"...","   Financial services and insurance","Dollars",974,1064,1168,1297,1262,1306,1376,1510,1627,1648,1702,1675,1514,1543,1609,1624,1678,1764,1855,1914,2123,2293,2431
 "18000","Indiana",3,SAEXP2,21,"...","   Other services","Dollars",1380,1476,1491,1561,1668,1729,1824,1929,1987,2056,2149,2191,2189,2224,2264,2296,2288,2362,2400,2454,2526,2621,2710
 "18000","Indiana",3,SAEXP2,22,"...","  Final consumption expenditures of nonprofit institutions serving households (NPISHs)","Dollars",490,583,614,669,710,742,701,756,819,871,819,941,948,968,1009,1080,1104,1129,1123,1210,1261,1321,1301
 "18000","Indiana",3,SAEXP2,23,"...","   Gross output of nonprofit institutions","Dollars",1893,2029,2094,2199,2311,2434,2375,2588,2792,2878,2875,3048,3157,3270,3375,3527,3598,3645,3746,3982,4187,4359,4502
 "18000","Indiana",3,SAEXP2,24,"...","   Less: Receipts from sales of goods and services by nonprofit institutions","Dollars",1403,1447,1479,1530,1601,1692,1674,1832,1972,2008,2056,2107,2209,2302,2365,2447,2493,2516,2623,2772,2926,3038,3202
 "19000","Iowa",4,SAEXP2,1,"...","Per capita personal consumption expenditures","Dollars",18569,19530,20625,21757,22364,22920,24007,25399,26674,27976,29016,29955,29783,30570,31847,32708,33322,34387,35110,36169,37449,38610,39324
 "19000","Iowa",4,SAEXP2,2,"..."," Goods","Dollars",7198,7454,7986,8397,8452,8542,8966,9626,10047,10629,10967,11185,10791,11156,11943,12237,12329,12544,12395,12523,12896,13249,13327
 "19000","Iowa",4,SAEXP2,3,"...","  Durable goods","Dollars",2655,2840,3036,3091,3124,3199,3305,3512,3509,3574,3626,3490,3433,3544,3683,3825,3929,4047,4204,4326,4460,4578,4638
 "19000","Iowa",4,SAEXP2,4,"...","   Motor vehicles and parts","Dollars",1177,1266,1352,1331,1392,1387,1352,1383,1343,1276,1316,1212,1223,1331,1379,1468,1527,1595,1707,1741,1790,1845,1833
 "19000","Iowa",4,SAEXP2,5,"...","   Furnishings and durable household equipment","Dollars",543,576,624,653,655,693,722,774,782,796,786,766,731,721,742,768,789,804,824,878,915,938,942
 "19000","Iowa",4,SAEXP2,6,"...","   Recreational goods and vehicles","Dollars",603,652,694,721,711,743,826,922,944,1020,1030,1010,974,971,1028,1043,1067,1089,1110,1138,1177,1213,1275
 "19000","Iowa",4,SAEXP2,7,"...","   Other durable goods","Dollars",332,346,366,385,367,376,404,432,440,482,494,501,505,520,533,546,547,559,563,569,579,583,588
 "19000","Iowa",4,SAEXP2,8,"...","  Nondurable goods","Dollars",4543,4613,4950,5306,5328,5343,5661,6114,6538,7055,7341,7696,7358,7612,8261,8412,8400,8497,8190,8197,8436,8671,8689
 "19000","Iowa",4,SAEXP2,9,"...","   Food and beverages purchased for off-premises consumption","Dollars",1616,1668,1756,1814,1862,1845,1905,2010,2103,2198,2308,2415,2493,2447,2595,2664,2688,2737,2788,2825,2851,2871,2866
 "19000","Iowa",4,SAEXP2,10,"...","   Clothing and footwear","Dollars",739,760,796,810,796,787,806,825,844,859,838,848,855,874,871,881,878,889,897,909,910,943,942
 "19000","Iowa",4,SAEXP2,11,"...","   Gasoline and other energy goods","Dollars",732,659,748,932,883,816,923,1115,1321,1504,1636,1875,1386,1615,1990,1995,1943,1839,1446,1277,1404,1559,1478
 "19000","Iowa",4,SAEXP2,12,"...","   Other nondurable goods","Dollars",1456,1527,1650,1750,1787,1895,2028,2164,2270,2495,2559,2558,2623,2675,2805,2872,2891,3032,3059,3187,3271,3299,3403
 "19000","Iowa",4,SAEXP2,13,"..."," Services","Dollars",11371,12076,12638,13360,13912,14377,15042,15774,16627,17347,18049,18769,18992,19414,19904,20471,20993,21843,22715,23646,24553,25360,25997
 "19000","Iowa",4,SAEXP2,14,"...","  Household consumption expenditures (for services)","Dollars",10789,11398,11910,12584,13047,13494,14098,14871,15720,16390,17131,17723,17882,18258,18696,19194,19696,20521,21355,22194,23051,23814,24444
 "19000","Iowa",4,SAEXP2,15,"...","   Housing and utilities","Dollars",2876,2994,3132,3346,3564,3654,3823,4006,4313,4516,4679,4776,4782,4815,4910,5041,5226,5417,5600,5839,6073,6300,6517
 "19000","Iowa",4,SAEXP2,16,"...","   Health care","Dollars",2698,2876,3015,3192,3429,3667,3812,4042,4279,4478,4680,4904,5086,5223,5348,5480,5534,5801,6036,6320,6437,6539,6702
 "19000","Iowa",4,SAEXP2,17,"...","   Transportation services","Dollars",562,604,648,665,664,646,646,679,720,762,799,817,810,806,827,842,884,955,995,1021,1062,1089,1102
 "19000","Iowa",4,SAEXP2,18,"...","   Recreation services","Dollars",837,870,901,874,865,882,928,989,1011,1067,1146,1191,1234,1263,1248,1297,1323,1341,1399,1470,1470,1518,1543
 "19000","Iowa",4,SAEXP2,19,"...","   Food services and accommodations","Dollars",1031,1077,1109,1193,1205,1254,1314,1386,1462,1530,1598,1668,1653,1660,1728,1814,1939,2006,2099,2170,2240,2299,2325
 "19000","Iowa",4,SAEXP2,20,"...","   Financial services and insurance","Dollars",1101,1180,1273,1419,1388,1432,1502,1623,1728,1758,1856,1935,1852,1962,2108,2204,2292,2466,2625,2722,3019,3179,3268
 "19000","Iowa",4,SAEXP2,21,"...","   Other services","Dollars",1683,1798,1832,1895,1932,1959,2073,2146,2206,2281,2373,2431,2466,2529,2527,2517,2497,2536,2602,2653,2751,2890,2987
 "19000","Iowa",4,SAEXP2,22,"...","  Final consumption expenditures of nonprofit institutions serving households (NPISHs)","Dollars",582,678,728,776,865,883,943,902,907,957,918,1046,1111,1156,1208,1276,1297,1322,1360,1452,1501,1546,1553
 "19000","Iowa",4,SAEXP2,23,"...","   Gross output of nonprofit institutions","Dollars",2098,2216,2297,2378,2572,2696,2804,2844,2924,3001,3023,3207,3382,3509,3623,3756,3814,3868,4038,4253,4358,4455,4543
 "19000","Iowa",4,SAEXP2,24,"...","   Less: Receipts from sales of goods and services by nonprofit institutions","Dollars",1517,1539,1569,1602,1707,1813,1860,1942,2017,2044,2105,2161,2272,2353,2414,2479,2517,2546,2678,2801,2857,2909,2990
 "20000","Kansas",4,SAEXP2,1,"...","Per capita personal consumption expenditures","Dollars",18081,19128,20347,21603,22377,22916,23959,25298,26512,28039,29409,30160,29564,29901,31085,31928,32421,33504,34482,35547,36675,37905,38898
 "20000","Kansas",4,SAEXP2,2,"..."," Goods","Dollars",7306,7650,8153,8489,8602,8560,8880,9310,9716,10253,10766,10833,10238,10496,11074,11461,11501,11770,11822,11961,12225,12546,12733
 "20000","Kansas",4,SAEXP2,3,"...","  Durable goods","Dollars",2611,2803,2989,3031,3094,3118,3182,3382,3373,3499,3694,3551,3338,3404,3458,3660,3625,3728,3839,3946,4026,4124,4194
 "20000","Kansas",4,SAEXP2,4,"...","   Motor vehicles and parts","Dollars",1127,1205,1276,1266,1308,1324,1284,1291,1277,1256,1300,1173,1112,1190,1218,1348,1354,1400,1474,1514,1550,1609,1609
 "20000","Kansas",4,SAEXP2,5,"...","   Furnishings and durable household equipment","Dollars",541,588,621,660,668,683,732,812,815,884,929,897,831,820,826,858,867,916,951,998,1025,1043,1052
 "20000","Kansas",4,SAEXP2,6,"...","   Recreational goods and vehicles","Dollars",627,673,736,734,751,748,791,882,888,925,987,998,927,919,910,931,883,880,865,887,906,915,969
 "20000","Kansas",4,SAEXP2,7,"...","   Other durable goods","Dollars",316,337,356,372,366,362,375,397,394,434,478,483,468,475,504,522,521,532,549,547,545,557,564
 "20000","Kansas",4,SAEXP2,8,"...","  Nondurable goods","Dollars",4695,4847,5164,5457,5508,5442,5698,5928,6343,6754,7072,7282,6900,7092,7617,7801,7876,8042,7983,8015,8200,8422,8539
 "20000","Kansas",4,SAEXP2,9,"...","   Food and beverages purchased for off-premises consumption","Dollars",1811,1869,1959,2025,2041,2008,2103,2168,2366,2464,2595,2674,2662,2614,2748,2784,2813,2906,2994,3051,3138,3141,3148
 "20000","Kansas",4,SAEXP2,10,"...","   Clothing and footwear","Dollars",739,792,800,819,820,805,800,780,790,833,873,871,834,853,880,901,900,912,928,939,931,952,952
 "20000","Kansas",4,SAEXP2,11,"...","   Gasoline and other energy goods","Dollars",568,510,574,689,652,605,700,809,973,1093,1170,1283,939,1095,1363,1376,1385,1333,1034,910,977,1078,1024
 "20000","Kansas",4,SAEXP2,12,"...","   Other nondurable goods","Dollars",1576,1676,1831,1924,1995,2025,2095,2172,2214,2364,2434,2454,2466,2530,2625,2740,2778,2891,3027,3115,3153,3251,3415
 "20000","Kansas",4,SAEXP2,13,"..."," Services","Dollars",10775,11478,12194,13114,13775,14356,15079,15988,16796,17786,18643,19327,19326,19404,20011,20467,20920,21734,22660,23586,24450,25359,26165
 "20000","Kansas",4,SAEXP2,14,"...","  Household consumption expenditures (for services)","Dollars",10477,11092,11710,12574,13202,13782,14464,15354,16227,17088,17999,18564,18558,18633,19167,19549,20008,20802,21730,22581,23390,24251,25062
 "20000","Kansas",4,SAEXP2,15,"...","   Housing and utilities","Dollars",3080,3230,3347,3597,3832,3911,4049,4242,4548,4759,4895,5036,5100,5077,5180,5257,5408,5630,5844,6117,6359,6643,6831
 "20000","Kansas",4,SAEXP2,16,"...","   Health care","Dollars",2785,2878,3030,3152,3426,3649,3849,4134,4378,4547,4810,5049,5188,5282,5489,5706,5746,5866,6161,6398,6557,6729,7042
 "20000","Kansas",4,SAEXP2,17,"...","   Transportation services","Dollars",599,625,641,664,691,672,679,700,741,792,804,830,806,798,821,828,851,892,920,954,973,1009,1010
 "20000","Kansas",4,SAEXP2,18,"...","   Recreation services","Dollars",497,544,636,736,773,877,949,1032,1052,1131,1271,1259,1194,1125,1106,1127,1189,1246,1266,1295,1300,1316,1329
 "20000","Kansas",4,SAEXP2,19,"...","   Food services and accommodations","Dollars",1103,1164,1152,1198,1233,1272,1346,1462,1521,1630,1647,1684,1690,1716,1779,1855,1924,2003,2121,2172,2244,2304,2351
 "20000","Kansas",4,SAEXP2,20,"...","   Financial services and insurance","Dollars",1103,1192,1316,1482,1429,1470,1545,1679,1831,1947,2147,2275,2188,2281,2378,2377,2484,2648,2834,2994,3233,3411,3523
 "20000","Kansas",4,SAEXP2,21,"...","   Other services","Dollars",1309,1460,1587,1744,1820,1931,2047,2104,2156,2282,2425,2431,2392,2353,2413,2399,2407,2518,2584,2651,2724,2839,2976
 "20000","Kansas",4,SAEXP2,22,"...","  Final consumption expenditures of nonprofit institutions serving households (NPISHs)","Dollars",299,386,485,540,573,575,615,635,569,698,644,763,768,771,844,918,911,931,930,1005,1059,1107,1103
 "20000","Kansas",4,SAEXP2,23,"...","   Gross output of nonprofit institutions","Dollars",1685,1806,1999,2131,2230,2315,2397,2549,2581,2865,2873,3041,3141,3216,3362,3502,3546,3671,3827,4070,4219,4354,4529
 "20000","Kansas",4,SAEXP2,24,"...","   Less: Receipts from sales of goods and services by nonprofit institutions","Dollars",1386,1420,1514,1591,1657,1741,1782,1914,2012,2167,2229,2278,2374,2444,2518,2584,2635,2740,2898,3066,3160,3246,3426
 "21000","Kentucky",5,SAEXP2,1,"...","Per capita personal consumption expenditures","Dollars",17067,17925,18903,20079,20684,21450,22349,23469,24656,25745,26398,26963,26810,27553,28660,29330,29773,30729,31784,33001,34127,35324,36348
 "21000","Kentucky",5,SAEXP2,2,"..."," Goods","Dollars",6911,7181,7765,8215,8281,8519,8835,9336,9689,10167,10331,10379,10016,10403,10977,11233,11269,11470,11636,11909,12345,12761,12948
 "21000","Kentucky",5,SAEXP2,3,"...","  Durable goods","Dollars",2320,2454,2645,2750,2706,2847,2897,3023,3044,3069,3115,2845,2711,2809,2900,3066,3108,3189,3425,3566,3645,3768,3853
 "21000","Kentucky",5,SAEXP2,4,"...","   Motor vehicles and parts","Dollars",1053,1121,1201,1207,1197,1239,1226,1234,1196,1134,1136,988,947,1042,1075,1156,1183,1227,1352,1370,1390,1440,1422
 "21000","Kentucky",5,SAEXP2,5,"...","   Furnishings and durable household equipment","Dollars",523,551,589,622,604,651,667,706,731,737,740,673,631,635,637,672,679,686,726,776,807,845,880
 "21000","Kentucky",5,SAEXP2,6,"...","   Recreational goods and vehicles","Dollars",491,511,561,610,602,643,674,734,753,799,816,773,730,720,747,787,794,808,858,931,963,989,1053
 "21000","Kentucky",5,SAEXP2,7,"...","   Other durable goods","Dollars",253,270,295,311,303,314,329,349,364,399,423,411,402,413,441,451,452,469,488,490,485,494,499
 "21000","Kentucky",5,SAEXP2,8,"...","  Nondurable goods","Dollars",4591,4728,5119,5465,5575,5672,5938,6313,6645,7098,7216,7534,7306,7594,8078,8167,8160,8281,8211,8342,8700,8994,9095
 "21000","Kentucky",5,SAEXP2,9,"...","   Food and beverages purchased for off-premises consumption","Dollars",1714,1774,1863,1919,1968,1992,2065,2193,2283,2353,2440,2564,2646,2667,2756,2829,2847,2910,3007,3086,3202,3244,3253
 "21000","Kentucky",5,SAEXP2,10,"...","   Clothing and footwear","Dollars",702,731,785,784,775,765,773,774,789,821,813,789,760,768,792,797,788,815,836,867,867,885,891
 "21000","Kentucky",5,SAEXP2,11,"...","   Gasoline and other energy goods","Dollars",623,556,604,758,712,675,800,940,1132,1360,1339,1534,1122,1303,1584,1573,1540,1454,1100,971,1082,1218,1145
 "21000","Kentucky",5,SAEXP2,12,"...","   Other nondurable goods","Dollars",1552,1667,1868,2004,2119,2240,2300,2407,2441,2564,2624,2648,2778,2856,2946,2968,2986,3101,3268,3419,3549,3647,3806
 "21000","Kentucky",5,SAEXP2,13,"..."," Services","Dollars",10156,10743,11138,11864,12403,12931,13514,14134,14967,15578,16067,16584,16794,17150,17683,18097,18505,19260,20148,21092,21782,22563,23400
 "21000","Kentucky",5,SAEXP2,14,"...","  Household consumption expenditures (for services)","Dollars",9782,10280,10674,11331,11843,12364,12906,13541,14330,14814,15328,15742,15935,16278,16756,17132,17494,18233,19105,19993,20635,21379,22200
 "21000","Kentucky",5,SAEXP2,15,"...","   Housing and utilities","Dollars",2580,2680,2808,2985,3177,3271,3402,3564,3830,3968,4122,4253,4290,4352,4446,4582,4716,4913,5076,5288,5472,5706,5911
 "21000","Kentucky",5,SAEXP2,16,"...","   Health care","Dollars",2786,2913,3008,3196,3449,3714,3842,4070,4316,4487,4669,4789,5014,5106,5294,5366,5455,5665,6045,6439,6601,6745,6991
 "21000","Kentucky",5,SAEXP2,17,"...","   Transportation services","Dollars",522,558,590,621,586,581,650,639,650,599,610,612,559,553,587,584,589,606,627,667,686,738,792
 "21000","Kentucky",5,SAEXP2,18,"...","   Recreation services","Dollars",707,716,747,772,775,800,851,897,922,959,1012,1064,1082,1105,1092,1135,1157,1187,1242,1291,1323,1354,1384
 "21000","Kentucky",5,SAEXP2,19,"...","   Food services and accommodations","Dollars",1117,1185,1187,1214,1251,1308,1373,1465,1537,1614,1650,1685,1713,1761,1824,1904,1923,2007,2111,2194,2229,2301,2376
 "21000","Kentucky",5,SAEXP2,20,"...","   Financial services and insurance","Dollars",978,1065,1154,1276,1248,1285,1305,1372,1459,1469,1488,1524,1425,1524,1623,1685,1783,1952,2065,2141,2286,2401,2477
 "21000","Kentucky",5,SAEXP2,21,"...","   Other services","Dollars",1093,1164,1181,1267,1357,1405,1482,1534,1616,1718,1777,1816,1854,1877,1889,1876,1872,1903,1939,1973,2038,2136,2269
 "21000","Kentucky",5,SAEXP2,22,"...","  Final consumption expenditures of nonprofit institutions serving households (NPISHs)","Dollars",374,463,464,533,560,568,609,592,637,764,739,842,859,872,927,964,1011,1026,1044,1099,1147,1183,1200
 "21000","Kentucky",5,SAEXP2,23,"...","   Gross output of nonprofit institutions","Dollars",1565,1734,1753,1884,1972,2059,2161,2237,2394,2648,2677,2816,2925,3010,3112,3209,3296,3342,3556,3768,3863,3950,4103
 "21000","Kentucky",5,SAEXP2,24,"...","   Less: Receipts from sales of goods and services by nonprofit institutions","Dollars",1192,1271,1289,1351,1412,1491,1553,1645,1757,1884,1938,1974,2067,2138,2185,2245,2286,2316,2512,2668,2716,2766,2903
 "22000","Louisiana",5,SAEXP2,1,"...","Per capita personal consumption expenditures","Dollars",16758,17606,18410,19375,20104,20806,21845,22997,23899,26964,27969,28648,28201,28919,29778,30430,31046,32022,32962,33639,34696,36074,37250
 "22000","Louisiana",5,SAEXP2,2,"..."," Goods","Dollars",6621,6903,7275,7609,7759,7972,8384,8777,9183,10728,11056,11067,10578,10843,11441,11775,11867,11997,12081,12053,12283,12665,12874
 "22000","Louisiana",5,SAEXP2,3,"...","  Durable goods","Dollars",2283,2468,2601,2677,2749,2906,3029,3164,3275,3871,3892,3569,3301,3324,3473,3637,3735,3784,3916,3893,3941,4045,4093
 "22000","Louisiana",5,SAEXP2,4,"...","   Motor vehicles and parts","Dollars",1070,1178,1245,1262,1312,1362,1382,1387,1422,1555,1526,1287,1211,1290,1379,1511,1589,1628,1712,1661,1649,1679,1657
 "22000","Louisiana",5,SAEXP2,5,"...","   Furnishings and durable household equipment","Dollars",500,531,564,584,608,653,682,720,744,994,975,885,806,782,794,812,829,832,875,904,934,957,962
 "22000","Louisiana",5,SAEXP2,6,"...","   Recreational goods and vehicles","Dollars",470,499,513,534,540,586,641,714,764,926,968,974,876,838,864,868,873,874,859,860,897,937,998
 "22000","Louisiana",5,SAEXP2,7,"...","   Other durable goods","Dollars",243,261,279,297,289,305,324,343,345,396,424,424,409,414,437,445,444,450,471,469,462,472,475
 "22000","Louisiana",5,SAEXP2,8,"...","  Nondurable goods","Dollars",4338,4435,4673,4933,5010,5066,5355,5614,5908,6857,7164,7497,7277,7519,7967,8138,8132,8212,8164,8160,8342,8620,8782
 "22000","Louisiana",5,SAEXP2,9,"...","   Food and beverages purchased for off-premises consumption","Dollars",1745,1775,1826,1849,1879,1880,1959,2019,2062,2303,2374,2451,2483,2457,2534,2598,2630,2700,2783,2802,2845,2899,2942
 "22000","Louisiana",5,SAEXP2,10,"...","   Clothing and footwear","Dollars",742,780,808,818,817,823,846,860,867,974,987,982,953,958,981,990,1002,1025,1040,1048,1031,1054,1060
 "22000","Louisiana",5,SAEXP2,11,"...","   Gasoline and other energy goods","Dollars",532,482,512,640,600,559,643,741,893,1147,1256,1436,1089,1291,1576,1604,1570,1465,1096,982,1080,1194,1139
 "22000","Louisiana",5,SAEXP2,12,"...","   Other nondurable goods","Dollars",1319,1398,1528,1625,1714,1804,1906,1994,2086,2433,2547,2628,2752,2813,2876,2946,2930,3023,3246,3329,3386,3472,3641
 "22000","Louisiana",5,SAEXP2,13,"..."," Services","Dollars",10138,10703,11136,11766,12345,12834,13461,14220,14716,16237,16913,17582,17623,18075,18337,18655,19179,20026,20881,21586,22412,23410,24376
 "22000","Louisiana",5,SAEXP2,14,"...","  Household consumption expenditures (for services)","Dollars",9900,10400,10796,11413,11939,12376,12999,13737,14272,15726,16425,16976,17016,17472,17704,17970,18488,19307,20182,20841,21634,22613,23578
 "22000","Louisiana",5,SAEXP2,15,"...","   Housing and utilities","Dollars",2836,2965,3087,3313,3495,3558,3705,3862,4085,4515,4561,4686,4553,4623,4691,4723,4945,5156,5412,5599,5859,6177,6370
 "22000","Louisiana",5,SAEXP2,16,"...","   Health care","Dollars",2833,2913,2978,3020,3258,3530,3737,4003,4095,4417,4663,4881,5120,5293,5272,5333,5461,5739,6006,6285,6479,6610,6928
 "22000","Louisiana",5,SAEXP2,17,"...","   Transportation services","Dollars",480,518,520,570,573,522,533,547,537,605,636,646,610,641,673,698,711,740,744,748,752,780,798
 "22000","Louisiana",5,SAEXP2,18,"...","   Recreation services","Dollars",588,590,615,652,663,678,731,783,816,901,1000,1053,1031,1045,1024,1068,1109,1147,1189,1199,1217,1269,1317
 "22000","Louisiana",5,SAEXP2,19,"...","   Food services and accommodations","Dollars",1109,1171,1236,1332,1358,1423,1515,1610,1655,1834,1953,2009,2083,2137,2215,2279,2348,2485,2633,2670,2701,2814,2863
 "22000","Louisiana",5,SAEXP2,20,"...","   Financial services and insurance","Dollars",1025,1119,1210,1340,1292,1319,1382,1496,1631,1857,1956,2006,1888,1989,2067,2077,2112,2189,2261,2333,2514,2751,2966
 "22000","Louisiana",5,SAEXP2,21,"...","   Other services","Dollars",1029,1123,1150,1187,1300,1345,1397,1437,1453,1598,1656,1695,1730,1745,1761,1792,1803,1851,1937,2008,2111,2211,2336
 "22000","Louisiana",5,SAEXP2,22,"...","  Final consumption expenditures of nonprofit institutions serving households (NPISHs)","Dollars",238,304,340,352,405,459,462,483,444,510,488,606,608,603,633,686,691,719,699,744,779,797,797
 "22000","Louisiana",5,SAEXP2,23,"...","   Gross output of nonprofit institutions","Dollars",1167,1306,1378,1422,1544,1684,1665,1776,1799,2059,2030,2179,2236,2268,2324,2416,2457,2672,2787,2933,2993,3054,3217
 "22000","Louisiana",5,SAEXP2,24,"...","   Less: Receipts from sales of goods and services by nonprofit institutions","Dollars",929,1002,1038,1069,1139,1226,1203,1293,1355,1549,1542,1574,1629,1665,1690,1731,1767,1953,2088,2188,2214,2257,2420
 "23000","Maine",1,SAEXP2,1,"...","Per capita personal consumption expenditures","Dollars",20391,21792,23254,24464,25679,26871,28299,29973,31529,32992,34366,35246,35097,36169,37318,37957,38630,39802,41000,42301,44097,45997,47351
 "23000","Maine",1,SAEXP2,2,"..."," Goods","Dollars",8031,8596,9250,9590,9974,10363,10866,11608,12063,12574,13154,13347,12774,13253,13771,13830,14080,14558,14478,14692,15393,16031,16511
 "23000","Maine",1,SAEXP2,3,"...","  Durable goods","Dollars",2529,2745,3045,3151,3332,3549,3644,3832,3929,3961,4090,3875,3757,3846,3908,3964,4053,4228,4410,4533,4698,4864,5023
 "23000","Maine",1,SAEXP2,4,"...","   Motor vehicles and parts","Dollars",1111,1192,1333,1346,1406,1483,1519,1525,1477,1385,1385,1235,1232,1312,1354,1415,1452,1544,1670,1682,1720,1793,1810
 "23000","Maine",1,SAEXP2,5,"...","   Furnishings and durable household equipment","Dollars",478,524,584,625,673,726,718,779,842,880,901,883,827,830,827,832,869,910,925,983,1040,1098,1153
 "23000","Maine",1,SAEXP2,6,"...","   Recreational goods and vehicles","Dollars",611,679,760,800,874,936,987,1064,1104,1129,1182,1158,1114,1108,1131,1130,1130,1142,1154,1187,1238,1259,1328
 "23000","Maine",1,SAEXP2,7,"...","   Other durable goods","Dollars",329,351,368,379,379,403,420,463,506,567,621,600,584,596,597,587,602,632,661,681,700,714,732
 "23000","Maine",1,SAEXP2,8,"...","  Nondurable goods","Dollars",5501,5851,6204,6438,6642,6815,7222,7776,8134,8613,9065,9472,9017,9407,9862,9865,10027,10330,10068,10159,10696,11167,11488
 "23000","Maine",1,SAEXP2,9,"...","   Food and beverages purchased for off-premises consumption","Dollars",2159,2389,2494,2486,2570,2582,2667,2802,2792,2880,3111,3234,3343,3398,3450,3549,3610,3751,3776,3833,3977,4132,4299
 "23000","Maine",1,SAEXP2,10,"...","   Clothing and footwear","Dollars",906,928,908,891,900,919,905,963,988,1011,1009,966,927,945,934,931,942,950,955,952,945,961,976
 "23000","Maine",1,SAEXP2,11,"...","   Gasoline and other energy goods","Dollars",802,733,793,1011,1005,989,1210,1442,1765,1948,2065,2355,1758,2012,2382,2267,2236,2218,1719,1471,1704,1952,1889
 "23000","Maine",1,SAEXP2,12,"...","   Other nondurable goods","Dollars",1633,1801,2009,2050,2167,2325,2440,2570,2589,2773,2879,2918,2990,3052,3096,3117,3239,3410,3618,3903,4069,4122,4324
 "23000","Maine",1,SAEXP2,13,"..."," Services","Dollars",12361,13196,14005,14874,15705,16508,17432,18365,19466,20418,21212,21900,22323,22916,23547,24128,24551,25244,26523,27609,28704,29966,30840
 "23000","Maine",1,SAEXP2,14,"...","  Household consumption expenditures (for services)","Dollars",11676,12420,13137,13966,14693,15388,16231,17172,18196,19008,19813,20381,20709,21258,21790,22300,22709,23372,24603,25567,26533,27734,28544
 "23000","Maine",1,SAEXP2,15,"...","   Housing and utilities","Dollars",3246,3412,3584,3738,3991,4117,4248,4445,4794,5074,5374,5565,5664,5693,5848,6002,6173,6386,6744,6925,7069,7277,7444
 "23000","Maine",1,SAEXP2,16,"...","   Health care","Dollars",2971,3181,3405,3594,3866,4123,4368,4724,5040,5298,5608,5861,6105,6287,6522,6688,6695,6854,7301,7589,7812,8040,8216
 "23000","Maine",1,SAEXP2,17,"...","   Transportation services","Dollars",500,524,567,603,607,597,625,657,686,716,725,738,746,743,748,756,809,858,899,952,988,1040,1073
 "23000","Maine",1,SAEXP2,18,"...","   Recreation services","Dollars",702,737,794,856,897,938,1029,1076,1119,1142,1229,1240,1259,1320,1326,1394,1460,1473,1492,1580,1621,1726,1761
 "23000","Maine",1,SAEXP2,19,"...","   Food services and accommodations","Dollars",1225,1271,1339,1442,1480,1559,1655,1764,1833,1925,1972,2008,2030,2137,2200,2278,2364,2495,2652,2803,2978,3133,3246
 "23000","Maine",1,SAEXP2,20,"...","   Financial services and insurance","Dollars",1360,1492,1625,1797,1748,1813,1917,2049,2194,2275,2333,2382,2261,2383,2480,2507,2557,2644,2787,2883,3119,3337,3443
 "23000","Maine",1,SAEXP2,21,"...","   Other services","Dollars",1672,1802,1822,1935,2104,2240,2390,2457,2529,2577,2573,2588,2645,2695,2666,2675,2651,2660,2729,2834,2947,3181,3360
 "23000","Maine",1,SAEXP2,22,"...","  Final consumption expenditures of nonprofit institutions serving households (NPISHs)","Dollars",685,776,868,908,1012,1120,1201,1193,1270,1410,1399,1518,1613,1657,1757,1828,1842,1872,1920,2041,2171,2232,2297
 "23000","Maine",1,SAEXP2,23,"...","   Gross output of nonprofit institutions","Dollars",2180,2323,2461,2515,2725,2988,3127,3226,3437,3652,3687,3870,4096,4239,4431,4592,4656,4784,4960,5113,5340,5434,5666
 "23000","Maine",1,SAEXP2,24,"...","   Less: Receipts from sales of goods and services by nonprofit institutions","Dollars",1495,1547,1593,1607,1713,1868,1927,2033,2166,2242,2289,2351,2482,2582,2673,2765,2815,2912,3040,3072,3170,3202,3369
 "24000","Maryland",2,SAEXP2,1,"...","Per capita personal consumption expenditures","Dollars",21740,22787,24102,25819,27040,28055,29364,31030,32873,34633,36097,36743,36202,37105,38079,38921,39589,40884,42063,43325,44841,46253,47529
 "24000","Maryland",2,SAEXP2,2,"..."," Goods","Dollars",7747,8104,8587,9185,9540,9846,10322,10917,11337,11791,12028,11633,10970,11308,11722,12025,12075,12258,12294,12388,12741,13131,13392
 "24000","Maryland",2,SAEXP2,3,"...","  Durable goods","Dollars",2743,2958,3207,3435,3596,3838,3971,4237,4339,4364,4392,3930,3615,3718,3814,3973,3986,4050,4179,4222,4304,4425,4525
 "24000","Maryland",2,SAEXP2,4,"...","   Motor vehicles and parts","Dollars",1125,1205,1317,1411,1523,1623,1648,1656,1616,1516,1532,1269,1185,1293,1333,1440,1461,1507,1608,1621,1646,1704,1708
 "24000","Maryland",2,SAEXP2,5,"...","   Furnishings and durable household equipment","Dollars",629,667,730,773,820,890,928,1034,1091,1118,1090,984,886,882,884,899,905,920,962,988,1017,1032,1052
 "24000","Maryland",2,SAEXP2,6,"...","   Recreational goods and vehicles","Dollars",655,721,767,831,841,899,947,1060,1121,1176,1193,1118,1003,992,1020,1043,1035,1024,998,1005,1020,1066,1135
 "24000","Maryland",2,SAEXP2,7,"...","   Other durable goods","Dollars",333,365,393,420,413,426,448,487,512,553,577,558,541,551,578,590,585,599,611,608,620,623,630
 "24000","Maryland",2,SAEXP2,8,"...","  Nondurable goods","Dollars",5004,5146,5380,5749,5944,6009,6351,6680,6998,7427,7636,7704,7355,7590,7908,8052,8089,8208,8115,8166,8437,8706,8867
 "24000","Maryland",2,SAEXP2,9,"...","   Food and beverages purchased for off-premises consumption","Dollars",1804,1840,1892,1989,2075,2053,2231,2295,2325,2402,2493,2554,2547,2595,2675,2682,2689,2746,2746,2745,2795,2841,2866
 "24000","Maryland",2,SAEXP2,10,"...","   Clothing and footwear","Dollars",989,1048,1079,1100,1099,1083,1068,1124,1180,1209,1187,1149,1105,1114,1146,1180,1168,1184,1197,1192,1192,1216,1225
 "24000","Maryland",2,SAEXP2,11,"...","   Gasoline and other energy goods","Dollars",512,442,482,603,587,565,671,785,935,1057,1130,1202,869,987,1140,1204,1203,1143,875,777,852,977,908
 "24000","Maryland",2,SAEXP2,12,"...","   Other nondurable goods","Dollars",1699,1816,1927,2057,2183,2308,2381,2476,2559,2758,2825,2799,2834,2894,2948,2986,3029,3136,3297,3452,3598,3671,3868
 "24000","Maryland",2,SAEXP2,13,"..."," Services","Dollars",13994,14683,15515,16634,17500,18208,19042,20113,21535,22843,24069,25110,25232,25798,26356,26896,27514,28626,29769,30937,32101,33122,34137
 "24000","Maryland",2,SAEXP2,14,"...","  Household consumption expenditures (for services)","Dollars",13719,14400,15169,16235,17061,17665,18487,19635,20914,22067,23267,24123,24249,24756,25233,25660,26265,27324,28494,29562,30673,31592,32680
 "24000","Maryland",2,SAEXP2,15,"...","   Housing and utilities","Dollars",4489,4705,4943,5196,5468,5615,5812,6109,6545,6912,7329,7680,7864,7935,8058,8259,8575,8983,9456,9939,10297,10656,11051
 "24000","Maryland",2,SAEXP2,16,"...","   Health care","Dollars",3032,3122,3224,3389,3714,4008,4253,4594,4842,5048,5345,5635,5838,6016,6169,6299,6339,6599,6919,7119,7323,7459,7717
 "24000","Maryland",2,SAEXP2,17,"...","   Transportation services","Dollars",738,768,836,906,922,897,942,983,1017,1052,1064,1064,1031,1072,1116,1129,1171,1212,1261,1336,1397,1457,1485
 "24000","Maryland",2,SAEXP2,18,"...","   Recreation services","Dollars",856,878,918,997,1044,1090,1150,1218,1290,1350,1442,1453,1474,1508,1495,1502,1572,1613,1684,1774,1850,1865,1859
 "24000","Maryland",2,SAEXP2,19,"...","   Food services and accommodations","Dollars",1271,1311,1398,1447,1514,1565,1568,1693,1823,1975,2097,2164,2138,2176,2248,2348,2426,2519,2684,2800,2994,3093,3207
 "24000","Maryland",2,SAEXP2,20,"...","   Financial services and insurance","Dollars",1392,1513,1672,1892,1825,1819,1884,2043,2201,2305,2422,2445,2221,2331,2419,2409,2467,2552,2573,2529,2649,2753,2889
 "24000","Maryland",2,SAEXP2,21,"...","   Other services","Dollars",1941,2103,2177,2408,2574,2672,2879,2995,3196,3423,3568,3681,3681,3719,3728,3715,3715,3848,3915,4066,4164,4311,4472
 "24000","Maryland",2,SAEXP2,22,"...","  Final consumption expenditures of nonprofit institutions serving households (NPISHs)","Dollars",274,283,347,399,439,543,555,478,622,776,803,987,983,1041,1123,1236,1249,1302,1275,1375,1428,1530,1456
 "24000","Maryland",2,SAEXP2,23,"...","   Gross output of nonprofit institutions","Dollars",2082,2259,2411,2565,2741,3055,3255,3360,3708,4036,4171,4466,4606,4767,4941,5133,5211,5342,5524,5744,5941,6132,6251
 "24000","Maryland",2,SAEXP2,24,"...","   Less: Receipts from sales of goods and services by nonprofit institutions","Dollars",1807,1976,2064,2165,2302,2512,2700,2882,3086,3260,3369,3479,3623,3725,3817,3897,3961,4040,4249,4369,4513,4603,4795
 "25000","Massachusetts",1,SAEXP2,1,"...","Per capita personal consumption expenditures","Dollars",25529,26962,28498,30690,32023,32857,34435,36561,38731,40633,41999,43069,42169,43053,44276,45319,46135,47703,49376,50737,52429,54395,56231
 "25000","Massachusetts",1,SAEXP2,2,"..."," Goods","Dollars",8515,8827,9518,10287,10496,10643,11069,11901,12560,12688,12876,12911,12249,12774,13258,13475,13665,14023,14129,14334,14965,15465,16029
 "25000","Massachusetts",1,SAEXP2,3,"...","  Durable goods","Dollars",3028,3231,3522,3873,3942,4041,4186,4470,4702,4625,4598,4349,4066,4308,4409,4501,4586,4700,4872,4988,5172,5384,5594
 "25000","Massachusetts",1,SAEXP2,4,"...","   Motor vehicles and parts","Dollars",1003,1086,1164,1234,1310,1379,1447,1463,1448,1334,1312,1147,1120,1192,1228,1267,1332,1400,1512,1516,1573,1628,1608
 "25000","Massachusetts",1,SAEXP2,5,"...","   Furnishings and durable household equipment","Dollars",621,673,759,844,885,916,937,1059,1113,1106,1075,1010,885,902,914,930,953,981,1023,1073,1098,1128,1174
 "25000","Massachusetts",1,SAEXP2,6,"...","   Recreational goods and vehicles","Dollars",933,977,1058,1223,1187,1188,1195,1283,1434,1465,1448,1422,1309,1417,1449,1462,1459,1462,1447,1490,1570,1681,1846
 "25000","Massachusetts",1,SAEXP2,7,"...","   Other durable goods","Dollars",471,495,541,572,560,557,607,666,707,719,763,771,753,798,817,843,842,856,889,909,932,947,966
 "25000","Massachusetts",1,SAEXP2,8,"...","  Nondurable goods","Dollars",5487,5595,5996,6414,6554,6602,6883,7431,7858,8064,8278,8562,8183,8466,8849,8974,9079,9323,9257,9346,9793,10081,10435
 "25000","Massachusetts",1,SAEXP2,9,"...","   Food and beverages purchased for off-premises consumption","Dollars",1950,1983,2132,2208,2307,2358,2384,2557,2657,2759,2861,2954,2944,2973,3107,3200,3228,3333,3393,3450,3603,3667,3761
 "25000","Massachusetts",1,SAEXP2,10,"...","   Clothing and footwear","Dollars",1176,1209,1257,1301,1289,1237,1285,1347,1379,1309,1312,1312,1258,1278,1275,1305,1302,1317,1339,1352,1329,1358,1382
 "25000","Massachusetts",1,SAEXP2,11,"...","   Gasoline and other energy goods","Dollars",559,496,516,642,621,577,691,821,988,1078,1157,1317,990,1117,1291,1247,1233,1187,905,787,868,946,885
 "25000","Massachusetts",1,SAEXP2,12,"...","   Other nondurable goods","Dollars",1802,1908,2091,2264,2338,2430,2523,2706,2834,2918,2948,2979,2990,3098,3175,3222,3315,3486,3621,3757,3993,4111,4407
 "25000","Massachusetts",1,SAEXP2,13,"..."," Services","Dollars",17014,18135,18980,20402,21527,22214,23366,24661,26171,27945,29123,30158,29920,30280,31018,31844,32470,33681,35247,36402,37463,38929,40202
 "25000","Massachusetts",1,SAEXP2,14,"...","  Household consumption expenditures (for services)","Dollars",16450,17441,18228,19597,20579,21167,22256,23522,24961,26549,27804,28706,28416,28781,29419,30062,30612,31761,33288,34347,35339,36774,38035
 "25000","Massachusetts",1,SAEXP2,15,"...","   Housing and utilities","Dollars",4926,5134,5386,5686,6124,6264,6582,6905,7449,7886,8142,8414,8356,8215,8320,8387,8505,8814,9248,9499,9852,10328,10710
 "25000","Massachusetts",1,SAEXP2,16,"...","   Health care","Dollars",3943,4194,4183,4477,4756,5115,5398,5761,6055,6566,6999,7324,7627,7744,7852,7976,8023,8183,8530,8802,8855,9098,9324
 "25000","Massachusetts",1,SAEXP2,17,"...","   Transportation services","Dollars",855,916,990,1062,1060,1013,1059,1115,1149,1194,1228,1247,1222,1261,1354,1398,1489,1594,1674,1747,1793,1875,1903
 "25000","Massachusetts",1,SAEXP2,18,"...","   Recreation services","Dollars",915,969,1038,1124,1179,1187,1261,1343,1402,1483,1608,1684,1644,1729,1754,1854,1914,1983,2109,2281,2380,2496,2574
 "25000","Massachusetts",1,SAEXP2,19,"...","   Food services and accommodations","Dollars",1558,1649,1721,1841,1883,1927,2031,2162,2258,2364,2464,2541,2495,2579,2691,2801,2890,3023,3220,3376,3518,3651,3867
 "25000","Massachusetts",1,SAEXP2,20,"...","   Financial services and insurance","Dollars",2170,2344,2569,2829,2728,2706,2804,2965,3233,3377,3530,3556,3179,3312,3450,3513,3654,3843,4034,3982,4090,4177,4304
 "25000","Massachusetts",1,SAEXP2,21,"...","   Other services","Dollars",2083,2235,2341,2578,2850,2955,3121,3272,3416,3679,3833,3939,3893,3941,3997,4133,4136,4320,4472,4660,4851,5149,5354
 "25000","Massachusetts",1,SAEXP2,22,"...","  Final consumption expenditures of nonprofit institutions serving households (NPISHs)","Dollars",564,694,752,805,947,1047,1110,1138,1209,1395,1319,1453,1504,1499,1599,1782,1858,1919,1959,2055,2125,2155,2166
 "25000","Massachusetts",1,SAEXP2,23,"...","   Gross output of nonprofit institutions","Dollars",2397,2577,2693,2816,3125,3418,3642,3879,4151,4508,4554,4764,4948,5072,5245,5560,5711,5972,6069,6283,6395,6440,6680
 "25000","Massachusetts",1,SAEXP2,24,"...","   Less: Receipts from sales of goods and services by nonprofit institutions","Dollars",1833,1883,1942,2011,2177,2371,2532,2741,2942,3113,3235,3311,3444,3573,3646,3778,3853,4052,4109,4227,4270,4285,4513
 "26000","Michigan",3,SAEXP2,1,"...","Per capita personal consumption expenditures","Dollars",20566,21517,22796,23991,24701,25391,26274,27458,28543,29554,30307,31162,30803,31711,32925,33612,34315,35594,36771,37917,39172,40627,41816
 "26000","Michigan",3,SAEXP2,2,"..."," Goods","Dollars",7469,7747,8374,8711,8832,8978,9101,9449,9564,9689,9831,9966,9547,10016,10608,10849,11050,11448,11663,11910,12468,12961,13320
 "26000","Michigan",3,SAEXP2,3,"...","  Durable goods","Dollars",2694,2868,3153,3200,3236,3353,3275,3357,3289,3236,3210,3088,2932,3068,3205,3347,3441,3635,3841,4016,4171,4327,4454
 "26000","Michigan",3,SAEXP2,4,"...","   Motor vehicles and parts","Dollars",1089,1135,1230,1208,1265,1322,1186,1107,991,861,802,755,756,843,917,989,1046,1162,1245,1299,1365,1408,1390
 "26000","Michigan",3,SAEXP2,5,"...","   Furnishings and durable household equipment","Dollars",614,657,722,769,755,771,763,805,799,786,753,711,650,665,683,715,735,758,819,881,931,958,988
 "26000","Michigan",3,SAEXP2,6,"...","   Recreational goods and vehicles","Dollars",637,706,796,793,804,841,875,953,970,1003,1016,987,901,910,917,937,948,974,992,1043,1071,1121,1214
 "26000","Michigan",3,SAEXP2,7,"...","   Other durable goods","Dollars",354,370,405,429,412,419,451,492,529,586,639,635,625,650,688,706,712,740,785,793,804,839,861
 "26000","Michigan",3,SAEXP2,8,"...","  Nondurable goods","Dollars",4775,4879,5221,5511,5596,5626,5826,6092,6276,6453,6621,6878,6614,6948,7403,7502,7610,7813,7822,7894,8297,8634,8866
 "26000","Michigan",3,SAEXP2,9,"...","   Food and beverages purchased for off-premises consumption","Dollars",1809,1834,1928,1980,2048,2070,2102,2185,2198,2223,2290,2367,2413,2454,2535,2606,2622,2714,2782,2873,3014,3061,3118
 "26000","Michigan",3,SAEXP2,10,"...","   Clothing and footwear","Dollars",880,895,941,951,926,902,902,906,902,896,880,867,848,884,900,923,927,942,953,966,978,1002,1017
 "26000","Michigan",3,SAEXP2,11,"...","   Gasoline and other energy goods","Dollars",550,495,547,706,661,616,720,794,945,1050,1119,1274,923,1105,1367,1325,1340,1283,986,875,979,1120,1074
 "26000","Michigan",3,SAEXP2,12,"...","   Other nondurable goods","Dollars",1535,1654,1805,1874,1961,2038,2102,2207,2231,2284,2333,2369,2430,2505,2601,2647,2721,2874,3100,3180,3326,3452,3656
 "26000","Michigan",3,SAEXP2,13,"..."," Services","Dollars",13097,13769,14422,15281,15868,16412,17173,18008,18978,19865,20475,21196,21256,21695,22318,22763,23264,24146,25108,26007,26704,27665,28497
 "26000","Michigan",3,SAEXP2,14,"...","  Household consumption expenditures (for services)","Dollars",12430,12980,13575,14354,14845,15335,16009,16813,17748,18472,19084,19633,19653,20055,20583,20919,21363,22200,23133,23922,24548,25418,26230
 "26000","Michigan",3,SAEXP2,15,"...","   Housing and utilities","Dollars",3480,3635,3837,4026,4281,4479,4659,4862,5236,5523,5684,5897,5989,5965,6016,5994,6046,6179,6290,6472,6658,6891,7154
 "26000","Michigan",3,SAEXP2,16,"...","   Health care","Dollars",2870,2933,2988,3148,3320,3518,3731,4015,4280,4532,4806,5058,5313,5527,5716,5862,5877,6046,6412,6688,6755,6975,7203
 "26000","Michigan",3,SAEXP2,17,"...","   Transportation services","Dollars",1174,1174,1271,1347,1314,1273,1286,1341,1332,1308,1293,1328,1233,1265,1388,1418,1474,1606,1655,1773,1831,1927,1977
 "26000","Michigan",3,SAEXP2,18,"...","   Recreation services","Dollars",955,992,1027,1064,1052,1089,1128,1172,1207,1231,1278,1315,1304,1329,1337,1389,1472,1541,1602,1693,1766,1814,1839
 "26000","Michigan",3,SAEXP2,19,"...","   Food services and accommodations","Dollars",1102,1148,1187,1242,1268,1318,1356,1409,1445,1478,1539,1569,1563,1630,1744,1844,1933,2017,2159,2245,2343,2444,2482
 "26000","Michigan",3,SAEXP2,20,"...","   Financial services and insurance","Dollars",1398,1527,1664,1848,1794,1829,1925,2053,2217,2291,2333,2282,2063,2113,2150,2157,2289,2465,2602,2574,2644,2681,2795
 "26000","Michigan",3,SAEXP2,21,"...","   Other services","Dollars",1451,1571,1601,1679,1816,1829,1923,1962,2032,2110,2152,2184,2189,2225,2233,2255,2271,2347,2411,2477,2551,2685,2779
 "26000","Michigan",3,SAEXP2,22,"...","  Final consumption expenditures of nonprofit institutions serving households (NPISHs)","Dollars",667,789,847,927,1024,1077,1164,1195,1230,1392,1392,1563,1603,1640,1734,1844,1901,1946,1975,2085,2156,2247,2267
 "26000","Michigan",3,SAEXP2,23,"...","   Gross output of nonprofit institutions","Dollars",2391,2566,2680,2836,3038,3212,3398,3603,3768,4044,4137,4356,4504,4614,4752,4908,5035,5181,5366,5597,5712,5950,6134
 "26000","Michigan",3,SAEXP2,24,"...","   Less: Receipts from sales of goods and services by nonprofit institutions","Dollars",1724,1777,1833,1909,2014,2135,2234,2408,2538,2652,2745,2793,2900,2974,3018,3064,3133,3235,3391,3512,3556,3703,3867
 "27000","Minnesota",4,SAEXP2,1,"...","Per capita personal consumption expenditures","Dollars",22678,23765,25472,27450,28341,29373,30494,31913,32763,33892,34875,35584,35066,35984,37446,38360,39147,40322,41201,42373,44059,45972,47159
 "27000","Minnesota",4,SAEXP2,2,"..."," Goods","Dollars",8010,8361,8989,9760,9999,10163,10467,11076,11235,11307,11521,11659,11053,11445,12112,12435,12567,12683,12586,12663,13163,13707,13983
 "27000","Minnesota",4,SAEXP2,3,"...","  Durable goods","Dollars",3174,3412,3698,3954,4052,4212,4252,4472,4400,4292,4333,4172,3975,4104,4260,4401,4514,4629,4816,4958,5215,5449,5666
 "27000","Minnesota",4,SAEXP2,4,"...","   Motor vehicles and parts","Dollars",1251,1334,1414,1414,1477,1501,1438,1421,1322,1206,1194,1055,1031,1113,1189,1280,1335,1419,1531,1558,1664,1765,1778
 "27000","Minnesota",4,SAEXP2,5,"...","   Furnishings and durable household equipment","Dollars",639,688,766,855,852,907,935,1009,988,991,970,914,822,817,835,861,884,906,961,999,1026,1046,1079
 "27000","Minnesota",4,SAEXP2,6,"...","   Recreational goods and vehicles","Dollars",756,821,909,1018,1060,1124,1168,1288,1310,1301,1350,1357,1255,1250,1262,1267,1304,1301,1302,1367,1483,1548,1672
 "27000","Minnesota",4,SAEXP2,7,"...","   Other durable goods","Dollars",528,569,610,667,663,679,712,754,779,794,819,845,868,924,974,993,991,1003,1022,1034,1042,1090,1137
 "27000","Minnesota",4,SAEXP2,8,"...","  Nondurable goods","Dollars",4836,4949,5291,5805,5947,5951,6215,6604,6835,7015,7188,7487,7077,7341,7853,8035,8053,8054,7770,7705,7949,8258,8318
 "27000","Minnesota",4,SAEXP2,9,"...","   Food and beverages purchased for off-premises consumption","Dollars",1824,1867,1973,2074,2197,2218,2241,2342,2341,2299,2350,2450,2508,2490,2597,2719,2741,2741,2706,2716,2782,2864,2886
 "27000","Minnesota",4,SAEXP2,10,"...","   Clothing and footwear","Dollars",914,937,961,1067,1039,997,1023,1069,1073,1054,1039,1035,993,1028,1054,1076,1088,1109,1123,1137,1141,1164,1159
 "27000","Minnesota",4,SAEXP2,11,"...","   Gasoline and other energy goods","Dollars",664,607,676,828,785,721,852,976,1168,1319,1390,1568,1126,1309,1625,1625,1562,1482,1121,987,1087,1209,1150
 "27000","Minnesota",4,SAEXP2,12,"...","   Other nondurable goods","Dollars",1433,1538,1681,1836,1926,2015,2099,2216,2253,2344,2409,2434,2451,2515,2577,2614,2663,2723,2821,2865,2939,3021,3123
 "27000","Minnesota",4,SAEXP2,13,"..."," Services","Dollars",14668,15404,16483,17690,18342,19211,20027,20837,21528,22585,23354,23926,24013,24538,25334,25925,26580,27639,28616,29710,30896,32265,33175
 "27000","Minnesota",4,SAEXP2,14,"...","  Household consumption expenditures (for services)","Dollars",14039,14762,15670,16703,17264,18071,18840,19626,20402,21351,22089,22530,22588,23102,23846,24362,24977,25996,26963,27963,29078,30375,31276
 "27000","Minnesota",4,SAEXP2,15,"...","   Housing and utilities","Dollars",3641,3788,3975,4230,4509,4637,4865,5102,5494,5789,6021,6220,6273,6303,6448,6575,6775,7053,7252,7541,7845,8190,8524
 "27000","Minnesota",4,SAEXP2,16,"...","   Health care","Dollars",3504,3627,3827,4033,4304,4721,4867,5075,5261,5588,5801,5882,6167,6352,6488,6654,6819,7088,7386,7731,8001,8394,8618
 "27000","Minnesota",4,SAEXP2,17,"...","   Transportation services","Dollars",1034,1046,1124,1206,1158,1118,1126,1194,1201,1208,1224,1252,1165,1166,1274,1309,1371,1456,1478,1487,1543,1609,1642
 "27000","Minnesota",4,SAEXP2,18,"...","   Recreation services","Dollars",1154,1223,1248,1214,1202,1291,1393,1422,1443,1572,1652,1722,1705,1815,1847,1923,1978,2048,2123,2241,2306,2416,2447
 "27000","Minnesota",4,SAEXP2,19,"...","   Food services and accommodations","Dollars",1241,1304,1389,1479,1492,1545,1631,1723,1801,1891,1951,1979,1941,1974,2075,2147,2194,2257,2383,2462,2508,2585,2629
 "27000","Minnesota",4,SAEXP2,20,"...","   Financial services and insurance","Dollars",1594,1784,1978,2242,2166,2208,2267,2337,2379,2375,2448,2444,2294,2441,2598,2622,2709,2866,2994,3039,3233,3389,3451
 "27000","Minnesota",4,SAEXP2,21,"...","   Other services","Dollars",1871,1990,2129,2299,2435,2551,2692,2773,2822,2929,2992,3032,3043,3051,3117,3132,3130,3229,3347,3463,3642,3794,3966
 "27000","Minnesota",4,SAEXP2,22,"...","  Final consumption expenditures of nonprofit institutions serving households (NPISHs)","Dollars",629,642,812,986,1077,1139,1186,1210,1126,1234,1264,1396,1425,1436,1488,1563,1603,1642,1652,1747,1818,1889,1899
 "27000","Minnesota",4,SAEXP2,23,"...","   Gross output of nonprofit institutions","Dollars",2498,2473,2842,3219,3421,3637,3796,3991,3978,4128,4234,4384,4533,4653,4782,4959,5071,5230,5417,5684,5929,6205,6368
 "27000","Minnesota",4,SAEXP2,24,"...","   Less: Receipts from sales of goods and services by nonprofit institutions","Dollars",1869,1831,2030,2233,2344,2498,2610,2781,2852,2894,2970,2988,3108,3217,3294,3396,3468,3587,3764,3937,4112,4316,4469
 "28000","Mississippi",5,SAEXP2,1,"...","Per capita personal consumption expenditures","Dollars",14504,15242,16184,17093,17819,18598,19490,20547,21753,23307,23957,24607,24314,25136,26114,26777,27259,27978,28615,29443,30356,31576,32329
 "28000","Mississippi",5,SAEXP2,2,"..."," Goods","Dollars",6041,6322,6921,7137,7262,7416,7795,8240,8797,9590,9602,9621,9131,9540,10073,10361,10535,10744,10704,10841,11176,11498,11584
 "28000","Mississippi",5,SAEXP2,3,"...","  Durable goods","Dollars",1986,2121,2335,2377,2408,2513,2585,2689,2830,3063,2985,2706,2492,2584,2677,2804,2945,3035,3174,3287,3372,3486,3563
 "28000","Mississippi",5,SAEXP2,4,"...","   Motor vehicles and parts","Dollars",977,1063,1161,1137,1187,1212,1193,1180,1182,1187,1168,978,871,957,1017,1101,1185,1223,1315,1342,1349,1394,1381
 "28000","Mississippi",5,SAEXP2,5,"...","   Furnishings and durable household equipment","Dollars",431,446,494,525,506,532,548,579,632,733,697,643,594,588,597,618,627,639,662,698,719,747,781
 "28000","Mississippi",5,SAEXP2,6,"...","   Recreational goods and vehicles","Dollars",396,413,456,473,474,508,560,624,691,780,739,704,644,642,649,662,695,719,735,774,832,864,912
 "28000","Mississippi",5,SAEXP2,7,"...","   Other durable goods","Dollars",181,199,223,242,242,261,283,305,325,363,381,382,382,397,415,423,438,455,463,473,472,481,489
 "28000","Mississippi",5,SAEXP2,8,"...","  Nondurable goods","Dollars",4055,4201,4586,4760,4854,4903,5211,5551,5967,6527,6617,6915,6639,6956,7395,7557,7590,7709,7530,7554,7804,8012,8021
 "28000","Mississippi",5,SAEXP2,9,"...","   Food and beverages purchased for off-premises consumption","Dollars",1604,1671,1765,1732,1774,1768,1838,1934,2036,2169,2170,2274,2327,2366,2444,2488,2513,2567,2607,2659,2715,2743,2750
 "28000","Mississippi",5,SAEXP2,10,"...","   Clothing and footwear","Dollars",667,695,749,751,746,756,784,793,824,877,841,839,824,843,863,872,872,912,926,949,950,973,976
 "28000","Mississippi",5,SAEXP2,11,"...","   Gasoline and other energy goods","Dollars",567,520,591,730,708,671,778,893,1068,1260,1337,1517,1112,1325,1607,1627,1593,1477,1115,958,1054,1150,1072
 "28000","Mississippi",5,SAEXP2,12,"...","   Other nondurable goods","Dollars",1216,1316,1480,1547,1626,1709,1812,1931,2038,2221,2268,2285,2375,2422,2481,2570,2611,2753,2883,2988,3085,3146,3223
 "28000","Mississippi",5,SAEXP2,13,"..."," Services","Dollars",8463,8920,9263,9956,10556,11182,11695,12307,12957,13717,14355,14986,15183,15596,16042,16416,16724,17234,17911,18602,19180,20078,20745
 "28000","Mississippi",5,SAEXP2,14,"...","  Household consumption expenditures (for services)","Dollars",8275,8697,9011,9661,10223,10766,11271,11907,12522,13250,13865,14408,14597,15022,15438,15782,16059,16564,17258,17905,18451,19323,19996
 "28000","Mississippi",5,SAEXP2,15,"...","   Housing and utilities","Dollars",2509,2641,2733,2915,3126,3213,3365,3500,3753,3972,4061,4178,4223,4275,4334,4368,4490,4660,4838,4998,5157,5405,5590
 "28000","Mississippi",5,SAEXP2,16,"...","   Health care","Dollars",2576,2689,2697,2854,3107,3358,3544,3859,4002,4294,4578,4788,4896,5047,5203,5358,5393,5512,5714,5892,5954,6224,6465
 "28000","Mississippi",5,SAEXP2,17,"...","   Transportation services","Dollars",334,363,397,422,431,431,443,453,460,487,483,483,467,481,497,517,548,560,571,600,608,617,627
 "28000","Mississippi",5,SAEXP2,18,"...","   Recreation services","Dollars",303,299,324,366,371,388,391,403,411,411,416,436,450,478,489,508,534,547,571,591,602,616,617
 "28000","Mississippi",5,SAEXP2,19,"...","   Food services and accommodations","Dollars",886,937,1007,1064,1075,1147,1226,1303,1369,1422,1509,1553,1542,1583,1645,1699,1734,1798,1872,1933,2005,2071,2119
 "28000","Mississippi",5,SAEXP2,20,"...","   Financial services and insurance","Dollars",724,766,833,933,908,940,992,1091,1197,1304,1423,1536,1528,1620,1720,1786,1835,1934,2090,2212,2395,2577,2708
 "28000","Mississippi",5,SAEXP2,21,"...","   Other services","Dollars",944,1003,1019,1107,1205,1288,1311,1297,1331,1360,1397,1434,1492,1538,1550,1547,1524,1554,1603,1679,1730,1812,1869
 "28000","Mississippi",5,SAEXP2,22,"...","  Final consumption expenditures of nonprofit institutions serving households (NPISHs)","Dollars",188,222,252,295,333,417,424,400,435,467,490,578,586,574,604,634,665,670,652,697,729,755,750
 "28000","Mississippi",5,SAEXP2,23,"...","   Gross output of nonprofit institutions","Dollars",1221,1327,1394,1494,1624,1855,1850,1900,2094,2246,2383,2509,2606,2659,2730,2803,2869,2898,3024,3163,3244,3408,3530
 "28000","Mississippi",5,SAEXP2,24,"...","   Less: Receipts from sales of goods and services by nonprofit institutions","Dollars",1033,1105,1142,1199,1291,1438,1426,1499,1659,1779,1892,1931,2020,2085,2126,2169,2204,2228,2371,2466,2514,2653,2780
 "29000","Missouri",4,SAEXP2,1,"...","Per capita personal consumption expenditures","Dollars",20142,21115,22329,23457,24301,25280,26173,27109,28278,29170,30256,31271,31002,31706,33082,34075,34541,35349,36260,37275,38699,40068,41279
 "29000","Missouri",4,SAEXP2,2,"..."," Goods","Dollars",8161,8380,8907,9131,9388,9757,10048,10335,10710,10908,11103,11379,10875,11113,11717,12022,12063,12218,12123,12270,12735,13093,13293
 "29000","Missouri",4,SAEXP2,3,"...","  Durable goods","Dollars",2810,2984,3186,3233,3370,3554,3636,3694,3734,3665,3670,3516,3333,3311,3395,3499,3543,3647,3806,3906,4035,4172,4250
 "29000","Missouri",4,SAEXP2,4,"...","   Motor vehicles and parts","Dollars",1215,1307,1388,1369,1464,1507,1489,1458,1430,1343,1347,1179,1140,1223,1270,1356,1386,1452,1562,1581,1622,1668,1663
 "29000","Missouri",4,SAEXP2,5,"...","   Furnishings and durable household equipment","Dollars",524,555,603,642,651,703,744,780,817,815,812,774,698,688,711,727,731,748,781,828,873,913,924
 "29000","Missouri",4,SAEXP2,6,"...","   Recreational goods and vehicles","Dollars",773,810,863,886,923,990,1029,1066,1086,1086,1074,1116,1051,960,951,946,952,962,965,998,1043,1086,1155
 "29000","Missouri",4,SAEXP2,7,"...","   Other durable goods","Dollars",298,312,331,336,332,355,374,389,400,422,437,447,445,440,463,469,473,484,497,499,498,504,508
 "29000","Missouri",4,SAEXP2,8,"...","  Nondurable goods","Dollars",5351,5396,5721,5897,6017,6203,6412,6642,6977,7243,7434,7862,7541,7802,8322,8523,8520,8571,8318,8364,8700,8921,9043
 "29000","Missouri",4,SAEXP2,9,"...","   Food and beverages purchased for off-premises consumption","Dollars",1699,1721,1764,1787,1828,1887,1937,2027,2127,2150,2251,2361,2425,2464,2527,2569,2578,2602,2627,2665,2728,2728,2722
 "29000","Missouri",4,SAEXP2,10,"...","   Clothing and footwear","Dollars",778,799,827,797,794,838,860,861,879,894,880,867,857,853,888,907,908,926,939,955,963,976,987
 "29000","Missouri",4,SAEXP2,11,"...","   Gasoline and other energy goods","Dollars",674,614,680,813,787,745,868,1012,1233,1391,1495,1736,1266,1499,1812,1876,1835,1731,1323,1173,1300,1430,1375
 "29000","Missouri",4,SAEXP2,12,"...","   Other nondurable goods","Dollars",2200,2262,2450,2501,2608,2733,2747,2742,2737,2807,2808,2898,2994,2987,3095,3172,3199,3312,3430,3572,3710,3787,3958
 "29000","Missouri",4,SAEXP2,13,"..."," Services","Dollars",11981,12734,13422,14327,14913,15523,16125,16773,17568,18262,19152,19893,20128,20593,21365,22052,22478,23132,24137,25005,25964,26976,27986
 "29000","Missouri",4,SAEXP2,14,"...","  Household consumption expenditures (for services)","Dollars",11572,12266,12908,13764,14282,14837,15398,16069,16883,17506,18407,19052,19278,19737,20436,21041,21433,22072,23056,23853,24748,25717,26727
 "29000","Missouri",4,SAEXP2,15,"...","   Housing and utilities","Dollars",3009,3149,3283,3489,3740,3823,3942,4126,4417,4645,4806,4946,5011,5065,5210,5301,5440,5633,5870,6054,6270,6555,6792
 "29000","Missouri",4,SAEXP2,16,"...","   Health care","Dollars",2912,3084,3169,3323,3602,3885,4135,4330,4553,4572,4966,5298,5469,5577,5823,6018,6069,6159,6502,6810,7024,7239,7606
 "29000","Missouri",4,SAEXP2,17,"...","   Transportation services","Dollars",827,866,943,973,938,915,876,842,856,881,896,892,833,826,862,882,918,977,1031,1102,1149,1182,1210
 "29000","Missouri",4,SAEXP2,18,"...","   Recreation services","Dollars",847,880,952,1034,1008,1057,1077,1133,1156,1237,1289,1278,1354,1404,1427,1544,1581,1613,1710,1755,1768,1787,1807
 "29000","Missouri",4,SAEXP2,19,"...","   Food services and accommodations","Dollars",1246,1298,1352,1419,1447,1509,1574,1656,1746,1815,1898,1935,1940,1999,2047,2093,2131,2203,2293,2346,2457,2550,2619
 "29000","Missouri",4,SAEXP2,20,"...","   Financial services and insurance","Dollars",1284,1397,1531,1691,1612,1627,1692,1820,1956,2030,2143,2243,2156,2339,2497,2605,2709,2861,2956,3015,3228,3417,3560
 "29000","Missouri",4,SAEXP2,21,"...","   Other services","Dollars",1448,1592,1678,1835,1934,2021,2102,2162,2199,2326,2409,2459,2514,2526,2569,2599,2585,2627,2695,2772,2853,2987,3132
 "29000","Missouri",4,SAEXP2,22,"...","  Final consumption expenditures of nonprofit institutions serving households (NPISHs)","Dollars",408,468,514,563,631,686,727,705,685,756,745,841,850,856,929,1011,1045,1059,1081,1152,1216,1258,1259
 "29000","Missouri",4,SAEXP2,23,"...","   Gross output of nonprofit institutions","Dollars",1706,1838,1933,2041,2201,2370,2471,2552,2621,2780,2861,3018,3117,3188,3313,3461,3543,3585,3752,3951,4106,4255,4440
 "29000","Missouri",4,SAEXP2,24,"...","   Less: Receipts from sales of goods and services by nonprofit institutions","Dollars",1297,1370,1418,1477,1570,1684,1744,1848,1936,2024,2116,2177,2267,2332,2383,2450,2498,2526,2671,2799,2890,2996,3180
 "30000","Montana",7,SAEXP2,1,"...","Per capita personal consumption expenditures","Dollars",17600,18529,19642,20855,21903,23074,24260,25744,27430,29079,30902,31942,31206,32058,33433,34683,35368,36297,37458,38178,39416,41049,42400
 "30000","Montana",7,SAEXP2,2,"..."," Goods","Dollars",6920,7181,7690,8153,8479,9006,9516,10242,10927,11751,12705,13079,12079,12422,12967,13362,13468,13837,13709,13579,13805,14316,14535
 "30000","Montana",7,SAEXP2,3,"...","  Durable goods","Dollars",2538,2696,2914,3119,3310,3644,3913,4211,4387,4608,4937,4762,4340,4420,4496,4661,4899,5137,5290,5347,5432,5599,5704
 "30000","Montana",7,SAEXP2,4,"...","   Motor vehicles and parts","Dollars",1071,1132,1224,1275,1378,1479,1490,1514,1483,1457,1521,1338,1280,1401,1442,1565,1633,1701,1756,1728,1760,1803,1809
 "30000","Montana",7,SAEXP2,5,"...","   Furnishings and durable household equipment","Dollars",534,560,609,656,703,791,857,961,1048,1118,1209,1175,1013,987,975,1006,1045,1088,1130,1161,1173,1222,1275
 "30000","Montana",7,SAEXP2,6,"...","   Recreational goods and vehicles","Dollars",640,691,739,812,849,961,1107,1233,1330,1444,1549,1553,1374,1344,1382,1391,1530,1650,1697,1764,1818,1881,1929
 "30000","Montana",7,SAEXP2,7,"...","   Other durable goods","Dollars",293,313,341,376,381,413,458,502,526,588,658,696,674,687,697,698,691,699,707,694,682,693,691
 "30000","Montana",7,SAEXP2,8,"...","  Nondurable goods","Dollars",4383,4485,4776,5033,5169,5362,5603,6032,6540,7143,7768,8317,7739,8002,8470,8701,8569,8700,8419,8231,8372,8717,8831
 "30000","Montana",7,SAEXP2,9,"...","   Food and beverages purchased for off-premises consumption","Dollars",1834,1920,1974,1981,2018,2104,2231,2343,2463,2633,2840,2950,2946,2933,3050,3149,3153,3280,3327,3302,3327,3449,3506
 "30000","Montana",7,SAEXP2,10,"...","   Clothing and footwear","Dollars",636,631,659,669,681,705,735,767,796,828,853,840,807,835,856,872,874,894,907,914,909,904,905
 "30000","Montana",7,SAEXP2,11,"...","   Gasoline and other energy goods","Dollars",607,554,647,828,854,825,815,1019,1285,1497,1734,2114,1531,1727,2012,2067,1899,1796,1339,1129,1212,1331,1243
 "30000","Montana",7,SAEXP2,12,"...","   Other nondurable goods","Dollars",1306,1380,1496,1555,1617,1728,1823,1903,1996,2185,2342,2412,2456,2506,2553,2613,2643,2730,2846,2887,2924,3033,3177
 "30000","Montana",7,SAEXP2,13,"..."," Services","Dollars",10679,11347,11952,12702,13423,14068,14744,15502,16503,17328,18197,18862,19127,19636,20467,21322,21900,22460,23749,24600,25611,26733,27865
 "30000","Montana",7,SAEXP2,14,"...","  Household consumption expenditures (for services)","Dollars",10175,10784,11330,12045,12730,13297,13917,14722,15753,16483,17347,17870,18079,18563,19303,20050,20616,21152,22382,23153,24087,25176,26290
 "30000","Montana",7,SAEXP2,15,"...","   Housing and utilities","Dollars",2936,3070,3237,3429,3674,3770,3904,4141,4520,4721,4885,4946,4970,4980,5196,5437,5579,5712,5996,6152,6448,6676,7000
 "30000","Montana",7,SAEXP2,16,"...","   Health care","Dollars",2451,2637,2834,3016,3313,3563,3734,3927,4204,4355,4663,4939,5239,5430,5650,5871,6077,6207,6705,7032,7305,7563,7931
 "30000","Montana",7,SAEXP2,17,"...","   Transportation services","Dollars",495,521,574,612,634,625,678,683,705,735,782,783,725,733,790,820,851,898,930,944,963,1007,1030
 "30000","Montana",7,SAEXP2,18,"...","   Recreation services","Dollars",600,607,608,659,660,684,729,781,826,892,969,995,1020,1058,1079,1125,1153,1191,1247,1293,1317,1401,1451
 "30000","Montana",7,SAEXP2,19,"...","   Food services and accommodations","Dollars",1294,1337,1386,1483,1515,1605,1689,1791,1902,2016,2137,2199,2165,2197,2302,2420,2528,2625,2782,2841,2904,3010,3088
 "30000","Montana",7,SAEXP2,20,"...","   Financial services and insurance","Dollars",1045,1143,1254,1393,1341,1367,1448,1591,1725,1804,1931,2024,1930,2068,2200,2275,2345,2432,2559,2675,2865,3075,3245
 "30000","Montana",7,SAEXP2,21,"...","   Other services","Dollars",1354,1469,1438,1453,1593,1683,1735,1808,1870,1959,1979,1985,2030,2097,2086,2102,2083,2087,2163,2215,2285,2444,2545
 "30000","Montana",7,SAEXP2,22,"...","  Final consumption expenditures of nonprofit institutions serving households (NPISHs)","Dollars",505,564,622,657,694,771,828,780,750,845,850,992,1047,1073,1163,1271,1285,1308,1367,1447,1524,1558,1575
 "30000","Montana",7,SAEXP2,23,"...","   Gross output of nonprofit institutions","Dollars",1822,1956,2055,2127,2225,2418,2467,2485,2538,2755,2851,3070,3266,3398,3578,3806,3879,4006,4210,4395,4586,4749,4944
 "30000","Montana",7,SAEXP2,24,"...","   Less: Receipts from sales of goods and services by nonprofit institutions","Dollars",1317,1393,1433,1469,1531,1646,1640,1705,1788,1910,2001,2077,2219,2326,2414,2535,2595,2698,2843,2948,3062,3191,3369
 "31000","Nebraska",4,SAEXP2,1,"...","Per capita personal consumption expenditures","Dollars",19121,20007,21182,22607,23570,24196,25424,27033,28498,29708,30963,31942,31399,32524,33794,34781,35452,36327,37183,38350,39626,40893,41789
 "31000","Nebraska",4,SAEXP2,2,"..."," Goods","Dollars",7324,7533,8063,8424,8647,8690,9082,9826,10331,10770,11314,11503,10884,11501,12111,12479,12628,12770,12602,12708,12981,13326,13454
 "31000","Nebraska",4,SAEXP2,3,"...","  Durable goods","Dollars",2812,2954,3156,3207,3292,3388,3445,3660,3742,3782,3908,3717,3594,3810,3874,4062,4189,4296,4439,4499,4579,4712,4827
 "31000","Nebraska",4,SAEXP2,4,"...","   Motor vehicles and parts","Dollars",1135,1223,1356,1364,1489,1565,1547,1573,1492,1421,1491,1365,1354,1509,1586,1695,1706,1750,1815,1787,1809,1827,1808
 "31000","Nebraska",4,SAEXP2,5,"...","   Furnishings and durable household equipment","Dollars",779,783,794,804,798,788,801,873,923,929,908,884,842,865,828,874,916,955,1002,1046,1089,1158,1221
 "31000","Nebraska",4,SAEXP2,6,"...","   Recreational goods and vehicles","Dollars",525,552,597,615,598,623,661,743,826,889,938,905,847,855,861,888,947,950,983,1022,1050,1084,1146
 "31000","Nebraska",4,SAEXP2,7,"...","   Other durable goods","Dollars",373,396,410,424,408,413,436,471,501,543,572,563,551,581,599,605,621,640,639,644,632,643,652
 "31000","Nebraska",4,SAEXP2,8,"...","  Nondurable goods","Dollars",4513,4579,4907,5218,5355,5302,5637,6166,6589,6988,7405,7785,7289,7691,8236,8417,8439,8474,8163,8208,8401,8613,8627
 "31000","Nebraska",4,SAEXP2,9,"...","   Food and beverages purchased for off-premises consumption","Dollars",1691,1727,1813,1863,1913,1897,1945,2091,2164,2235,2372,2467,2453,2439,2497,2551,2569,2702,2782,2834,2887,2914,2908
 "31000","Nebraska",4,SAEXP2,10,"...","   Clothing and footwear","Dollars",775,795,815,836,828,809,826,855,876,875,884,872,859,880,907,915,917,946,959,967,969,981,979
 "31000","Nebraska",4,SAEXP2,11,"...","   Gasoline and other energy goods","Dollars",670,604,680,839,835,791,965,1174,1418,1607,1769,2021,1494,1777,2173,2189,2106,1924,1420,1285,1374,1523,1447
 "31000","Nebraska",4,SAEXP2,12,"...","   Other nondurable goods","Dollars",1377,1453,1599,1681,1779,1805,1900,2046,2132,2271,2380,2426,2482,2594,2659,2761,2846,2902,3002,3122,3172,3195,3293
 "31000","Nebraska",4,SAEXP2,13,"..."," Services","Dollars",11797,12473,13119,14183,14923,15505,16343,17207,18167,18938,19650,20440,20515,21023,21684,22302,22825,23557,24581,25643,26646,27568,28336
 "31000","Nebraska",4,SAEXP2,14,"...","  Household consumption expenditures (for services)","Dollars",11413,11973,12604,13604,14294,14808,15598,16452,17436,18168,18900,19560,19576,20066,20664,21152,21646,22342,23335,24304,25251,26151,26912
 "31000","Nebraska",4,SAEXP2,15,"...","   Housing and utilities","Dollars",3043,3165,3300,3523,3810,3860,3988,4155,4492,4684,4843,4950,4968,4963,5089,5173,5392,5609,5822,6006,6241,6497,6759
 "31000","Nebraska",4,SAEXP2,16,"...","   Health care","Dollars",2579,2731,2866,3130,3475,3770,4082,4362,4701,4926,5106,5388,5503,5733,5902,6036,6061,6205,6580,6938,7200,7349,7518
 "31000","Nebraska",4,SAEXP2,17,"...","   Transportation services","Dollars",548,597,635,672,706,694,710,739,764,777,809,837,817,849,889,910,942,989,1014,1029,1039,1081,1099
 "31000","Nebraska",4,SAEXP2,18,"...","   Recreation services","Dollars",829,806,822,878,912,941,987,1010,1032,1100,1146,1180,1233,1241,1243,1296,1345,1390,1448,1521,1594,1623,1653
 "31000","Nebraska",4,SAEXP2,19,"...","   Food services and accommodations","Dollars",1134,1178,1247,1322,1332,1346,1413,1505,1577,1645,1710,1749,1747,1777,1832,1906,2006,2081,2210,2303,2340,2407,2448
 "31000","Nebraska",4,SAEXP2,20,"...","   Financial services and insurance","Dollars",1501,1681,1875,2143,2051,2117,2211,2423,2563,2642,2793,2943,2817,3014,3199,3341,3410,3524,3653,3813,4065,4302,4452
 "31000","Nebraska",4,SAEXP2,21,"...","   Other services","Dollars",1778,1815,1858,1936,2007,2079,2207,2258,2307,2393,2494,2514,2491,2489,2509,2490,2490,2544,2609,2694,2772,2892,2983
 "31000","Nebraska",4,SAEXP2,22,"...","  Final consumption expenditures of nonprofit institutions serving households (NPISHs)","Dollars",383,501,515,578,629,697,745,755,731,770,749,880,940,957,1020,1150,1179,1215,1246,1338,1395,1417,1424
 "31000","Nebraska",4,SAEXP2,23,"...","   Gross output of nonprofit institutions","Dollars",1821,1997,2047,2176,2315,2518,2576,2700,2806,2940,2942,3141,3318,3441,3572,3800,3891,3979,4184,4444,4642,4625,4832
 "31000","Nebraska",4,SAEXP2,24,"...","   Less: Receipts from sales of goods and services by nonprofit institutions","Dollars",1438,1496,1532,1598,1686,1821,1831,1946,2075,2170,2193,2261,2378,2484,2552,2649,2712,2763,2938,3105,3247,3209,3408
 "32000","Nevada",8,SAEXP2,1,"...","Per capita personal consumption expenditures","Dollars",20376,21015,22545,23854,24538,25369,26467,28218,30252,32087,33209,33548,32413,33151,34497,35307,36247,37656,38715,39755,41009,42367,43166
 "32000","Nevada",8,SAEXP2,2,"..."," Goods","Dollars",7839,7977,8655,9051,9329,9430,9909,10716,11463,12004,11988,11618,10441,10649,11247,11533,11951,12451,12628,12812,13298,13788,14137
 "32000","Nevada",8,SAEXP2,3,"...","  Durable goods","Dollars",2866,3029,3312,3467,3631,3752,3907,4277,4606,4640,4499,3965,3375,3397,3565,3723,3967,4156,4306,4434,4615,4849,4997
 "32000","Nevada",8,SAEXP2,4,"...","   Motor vehicles and parts","Dollars",1084,1156,1262,1295,1383,1444,1424,1545,1602,1536,1477,1149,918,944,1013,1149,1236,1282,1372,1377,1411,1448,1417
 "32000","Nevada",8,SAEXP2,5,"...","   Furnishings and durable household equipment","Dollars",704,727,799,863,886,944,994,1098,1210,1218,1126,991,840,829,833,842,883,936,983,1053,1121,1187,1228
 "32000","Nevada",8,SAEXP2,6,"...","   Recreational goods and vehicles","Dollars",763,801,855,908,967,958,1029,1118,1228,1263,1225,1157,990,960,987,978,1042,1090,1077,1141,1209,1320,1443
 "32000","Nevada",8,SAEXP2,7,"...","   Other durable goods","Dollars",314,346,395,401,394,406,460,516,566,622,671,667,627,664,732,754,806,848,874,863,875,895,908
 "32000","Nevada",8,SAEXP2,8,"...","  Nondurable goods","Dollars",4973,4948,5343,5585,5698,5678,6002,6439,6857,7364,7489,7653,7066,7252,7682,7810,7984,8296,8322,8378,8683,8939,9140
 "32000","Nevada",8,SAEXP2,9,"...","   Food and beverages purchased for off-premises consumption","Dollars",2052,2007,2091,2142,2197,2166,2263,2404,2460,2611,2708,2752,2665,2632,2704,2746,2800,2935,3030,3068,3130,3196,3267
 "32000","Nevada",8,SAEXP2,10,"...","   Clothing and footwear","Dollars",658,700,773,757,757,751,804,871,939,979,992,998,937,1000,1077,1114,1135,1174,1177,1166,1136,1169,1192
 "32000","Nevada",8,SAEXP2,11,"...","   Gasoline and other energy goods","Dollars",567,495,558,659,617,569,658,788,977,1116,1105,1222,848,982,1190,1210,1208,1172,910,814,933,1020,945
 "32000","Nevada",8,SAEXP2,12,"...","   Other nondurable goods","Dollars",1696,1745,1920,2027,2128,2193,2277,2376,2481,2658,2683,2681,2617,2637,2711,2741,2841,3015,3205,3330,3485,3554,3736
 "32000","Nevada",8,SAEXP2,13,"..."," Services","Dollars",12537,13037,13890,14802,15209,15939,16558,17502,18788,20083,21221,21930,21972,22502,23250,23774,24296,25204,26087,26943,27711,28579,29029
 "32000","Nevada",8,SAEXP2,14,"...","  Household consumption expenditures (for services)","Dollars",12213,12758,13543,14463,14859,15547,16178,17140,18405,19484,20544,21176,21241,21722,22409,22838,23312,24202,25032,25785,26542,27369,27850
 "32000","Nevada",8,SAEXP2,15,"...","   Housing and utilities","Dollars",3938,4056,4126,4248,4509,4616,4657,4833,5121,5452,5692,5947,6330,6460,6591,6671,6735,6961,7207,7308,7419,7521,7713
 "32000","Nevada",8,SAEXP2,16,"...","   Health care","Dollars",2264,2363,2479,2615,2824,3115,3266,3514,3650,3771,4041,4200,4264,4308,4444,4482,4638,4876,5067,5314,5503,5682,5844
 "32000","Nevada",8,SAEXP2,17,"...","   Transportation services","Dollars",711,724,778,830,785,746,802,864,879,906,904,907,822,826,942,958,985,987,969,966,1014,1056,1066
 "32000","Nevada",8,SAEXP2,18,"...","   Recreation services","Dollars",752,769,838,914,903,910,983,1020,1100,1123,1170,1161,1109,1178,1256,1321,1320,1397,1431,1458,1455,1509,1530
 "32000","Nevada",8,SAEXP2,19,"...","   Food services and accommodations","Dollars",1182,1176,1261,1348,1279,1267,1337,1438,1578,1665,1708,1673,1530,1575,1655,1664,1721,1809,1856,1879,1903,1914,1906
 "32000","Nevada",8,SAEXP2,20,"...","   Financial services and insurance","Dollars",2061,2282,2592,2957,2927,3150,3329,3614,4070,4519,4958,5215,5170,5344,5483,5708,5878,6081,6326,6577,6834,7101,7099
 "32000","Nevada",8,SAEXP2,21,"...","   Other services","Dollars",1305,1388,1468,1551,1631,1741,1804,1856,2008,2048,2070,2074,2017,2031,2038,2034,2035,2090,2176,2282,2414,2586,2692
 "32000","Nevada",8,SAEXP2,22,"...","  Final consumption expenditures of nonprofit institutions serving households (NPISHs)","Dollars",324,280,347,339,350,391,380,362,383,599,677,754,732,779,840,936,984,1003,1055,1157,1168,1211,1179
 "32000","Nevada",8,SAEXP2,23,"...","   Gross output of nonprofit institutions","Dollars",1600,1631,1716,1694,1739,1846,1951,2013,2213,2449,2615,2795,2872,3008,3168,3359,3459,3622,3775,3969,4047,4292,4382
 "32000","Nevada",8,SAEXP2,24,"...","   Less: Receipts from sales of goods and services by nonprofit institutions","Dollars",1277,1352,1369,1355,1390,1455,1571,1650,1830,1850,1938,2041,2141,2228,2327,2422,2475,2619,2720,2811,2879,3081,3203
 "33000","New Hampshire",1,SAEXP2,1,"...","Per capita personal consumption expenditures","Dollars",23515,24804,26349,28073,29200,30289,32153,34142,36191,37834,39294,40473,40461,41423,42696,43545,44924,46228,47530,49048,50810,52895,54585
 "33000","New Hampshire",1,SAEXP2,2,"..."," Goods","Dollars",8807,9089,9816,10392,10716,10962,11629,12270,12845,13105,13291,13406,12662,13026,13581,13908,14543,14958,14746,14874,15496,16080,16515
 "33000","New Hampshire",1,SAEXP2,3,"...","  Durable goods","Dollars",2815,3066,3335,3469,3608,3785,4033,4200,4322,4270,4263,4041,3747,3868,3924,4106,4336,4525,4685,4833,4938,5134,5350
 "33000","New Hampshire",1,SAEXP2,4,"...","   Motor vehicles and parts","Dollars",1214,1324,1406,1416,1509,1579,1652,1583,1570,1474,1445,1275,1242,1314,1350,1429,1557,1675,1752,1795,1844,1903,1908
 "33000","New Hampshire",1,SAEXP2,5,"...","   Furnishings and durable household equipment","Dollars",560,605,657,707,732,799,895,964,967,968,917,875,795,819,828,857,890,925,978,1033,1061,1114,1185
 "33000","New Hampshire",1,SAEXP2,6,"...","   Recreational goods and vehicles","Dollars",574,642,732,792,824,843,875,977,1065,1060,1103,1105,962,955,947,977,1009,1011,1011,1053,1085,1152,1281
 "33000","New Hampshire",1,SAEXP2,7,"...","   Other durable goods","Dollars",467,494,540,553,542,565,611,676,720,768,799,786,747,780,799,842,880,914,945,952,949,966,976
 "33000","New Hampshire",1,SAEXP2,8,"...","  Nondurable goods","Dollars",5992,6023,6481,6924,7109,7177,7596,8070,8523,8836,9029,9365,8916,9158,9657,9802,10206,10434,10061,10041,10558,10946,11165
 "33000","New Hampshire",1,SAEXP2,9,"...","   Food and beverages purchased for off-premises consumption","Dollars",2260,2258,2388,2514,2607,2653,2729,2889,2928,3007,3091,3209,3300,3269,3402,3516,3596,3654,3663,3745,3891,3987,4091
 "33000","New Hampshire",1,SAEXP2,10,"...","   Clothing and footwear","Dollars",1255,1276,1354,1348,1335,1328,1345,1390,1401,1399,1332,1290,1218,1262,1237,1295,1335,1357,1361,1369,1378,1408,1424
 "33000","New Hampshire",1,SAEXP2,11,"...","   Gasoline and other energy goods","Dollars",746,664,707,902,923,879,1103,1239,1488,1652,1777,2012,1471,1659,1966,1889,1939,1937,1488,1242,1432,1611,1531
 "33000","New Hampshire",1,SAEXP2,12,"...","   Other nondurable goods","Dollars",1730,1825,2032,2160,2244,2317,2418,2552,2706,2778,2828,2853,2926,2969,3052,3103,3336,3485,3549,3685,3857,3939,4118
 "33000","New Hampshire",1,SAEXP2,13,"..."," Services","Dollars",14708,15716,16533,17680,18484,19327,20525,21872,23346,24729,26003,27066,27798,28397,29115,29637,30382,31270,32784,34174,35314,36815,38071
 "33000","New Hampshire",1,SAEXP2,14,"...","  Household consumption expenditures (for services)","Dollars",14051,14915,15688,16742,17435,18205,19309,20558,21927,23141,24386,25354,26073,26683,27347,27821,28502,29367,30856,32096,33159,34548,35749
 "33000","New Hampshire",1,SAEXP2,15,"...","   Housing and utilities","Dollars",4587,4798,5020,5240,5530,5690,5915,6215,6689,7081,7400,7713,7913,7954,8121,8231,8420,8701,9090,9307,9594,9905,10180
 "33000","New Hampshire",1,SAEXP2,16,"...","   Health care","Dollars",3055,3195,3318,3458,3713,4086,4463,4875,5287,5558,6029,6351,6794,7036,7192,7259,7349,7563,8027,8454,8648,8957,9380
 "33000","New Hampshire",1,SAEXP2,17,"...","   Transportation services","Dollars",794,856,939,1010,1025,997,1054,1099,1132,1174,1175,1205,1159,1168,1230,1235,1298,1350,1408,1464,1515,1582,1599
 "33000","New Hampshire",1,SAEXP2,18,"...","   Recreation services","Dollars",871,903,957,1048,1066,1111,1211,1340,1385,1471,1571,1575,1630,1692,1707,1773,1864,1890,1982,2067,2152,2249,2310
 "33000","New Hampshire",1,SAEXP2,19,"...","   Food services and accommodations","Dollars",1334,1405,1424,1538,1609,1673,1769,1895,1965,2047,2095,2106,2120,2180,2252,2326,2445,2553,2708,2822,2879,3013,3102
 "33000","New Hampshire",1,SAEXP2,20,"...","   Financial services and insurance","Dollars",1714,1888,2070,2286,2220,2273,2362,2509,2728,2921,3150,3323,3266,3364,3508,3583,3700,3793,3946,4019,4260,4526,4660
 "33000","New Hampshire",1,SAEXP2,21,"...","   Other services","Dollars",1695,1870,1961,2161,2271,2375,2534,2626,2741,2889,2965,3081,3192,3289,3338,3415,3427,3518,3695,3963,4109,4315,4517
 "33000","New Hampshire",1,SAEXP2,22,"...","  Final consumption expenditures of nonprofit institutions serving households (NPISHs)","Dollars",657,800,845,938,1048,1122,1216,1314,1419,1588,1617,1712,1725,1714,1768,1816,1880,1902,1929,2078,2156,2267,2322
 "33000","New Hampshire",1,SAEXP2,23,"...","   Gross output of nonprofit institutions","Dollars",2299,2547,2629,2789,3004,3224,3420,3712,3990,4275,4433,4589,4741,4830,4956,5064,5194,5349,5540,5909,6115,6378,6651
 "33000","New Hampshire",1,SAEXP2,24,"...","   Less: Receipts from sales of goods and services by nonprofit institutions","Dollars",1641,1747,1785,1851,1956,2102,2204,2398,2571,2687,2816,2877,3016,3116,3188,3248,3314,3446,3611,3830,3959,4111,4329
 "34000","New Jersey",2,SAEXP2,1,"...","Per capita personal consumption expenditures","Dollars",24306,25582,26877,28730,30207,31719,33395,35111,37104,39150,40504,41231,40509,41276,42447,43556,44624,46053,47416,48715,50097,52232,54216
 "34000","New Jersey",2,SAEXP2,2,"..."," Goods","Dollars",8231,8489,9098,9685,10184,10695,11248,11679,12270,12799,13056,12813,12065,12429,12928,13153,13388,13706,13857,13959,14310,14812,15410
 "34000","New Jersey",2,SAEXP2,3,"...","  Durable goods","Dollars",2862,3086,3378,3614,3811,4131,4350,4453,4567,4736,4694,4349,4001,4120,4212,4287,4405,4485,4614,4674,4762,4944,5106
 "34000","New Jersey",2,SAEXP2,4,"...","   Motor vehicles and parts","Dollars",1021,1086,1169,1231,1320,1416,1435,1455,1407,1336,1359,1183,1115,1234,1321,1405,1473,1510,1572,1575,1591,1649,1651
 "34000","New Jersey",2,SAEXP2,5,"...","   Furnishings and durable household equipment","Dollars",662,716,804,877,918,953,1083,1066,1140,1255,1153,1079,960,964,960,960,993,1014,1058,1117,1177,1238,1297
 "34000","New Jersey",2,SAEXP2,6,"...","   Recreational goods and vehicles","Dollars",696,765,829,877,928,1045,1087,1156,1225,1310,1322,1254,1135,1120,1107,1092,1112,1116,1117,1123,1131,1162,1220
 "34000","New Jersey",2,SAEXP2,7,"...","   Other durable goods","Dollars",484,519,576,629,645,716,745,777,795,834,860,833,791,802,824,829,827,845,867,858,863,895,938
 "34000","New Jersey",2,SAEXP2,8,"...","  Nondurable goods","Dollars",5368,5404,5720,6071,6373,6564,6898,7226,7703,8063,8361,8464,8065,8309,8715,8865,8983,9221,9243,9286,9549,9868,10304
 "34000","New Jersey",2,SAEXP2,9,"...","   Food and beverages purchased for off-premises consumption","Dollars",1891,1875,1948,2021,2210,2330,2423,2543,2640,2723,2837,2913,2868,2916,2988,3014,3053,3103,3152,3167,3250,3321,3442
 "34000","New Jersey",2,SAEXP2,10,"...","   Clothing and footwear","Dollars",1255,1258,1315,1359,1313,1328,1337,1353,1395,1426,1457,1401,1326,1361,1395,1459,1471,1497,1523,1535,1532,1561,1593
 "34000","New Jersey",2,SAEXP2,11,"...","   Gasoline and other energy goods","Dollars",479,407,425,510,504,457,556,664,821,948,1047,1154,851,972,1210,1237,1218,1166,902,777,840,900,867
 "34000","New Jersey",2,SAEXP2,12,"...","   Other nondurable goods","Dollars",1742,1864,2032,2181,2346,2449,2583,2666,2848,2965,3021,2996,3020,3061,3122,3155,3241,3456,3666,3806,3926,4086,4402
 "34000","New Jersey",2,SAEXP2,13,"..."," Services","Dollars",16075,17093,17779,19045,20023,21024,22147,23432,24834,26351,27449,28419,28444,28847,29520,30404,31236,32347,33559,34756,35786,37420,38805
 "34000","New Jersey",2,SAEXP2,14,"...","  Household consumption expenditures (for services)","Dollars",15320,16232,16872,18018,18894,19771,20751,21954,23208,24553,25597,26315,26307,26629,27195,27926,28672,29715,30931,31968,32941,34405,35765
 "34000","New Jersey",2,SAEXP2,15,"...","   Housing and utilities","Dollars",4947,5147,5417,5642,6001,6213,6479,6851,7287,7785,8171,8497,8633,8670,8801,8910,9089,9371,9752,10101,10420,10828,11215
 "34000","New Jersey",2,SAEXP2,16,"...","   Health care","Dollars",3130,3317,3315,3534,3757,4104,4327,4599,4841,5042,5276,5473,5760,5807,5889,6187,6312,6530,6921,7241,7458,7777,8229
 "34000","New Jersey",2,SAEXP2,17,"...","   Transportation services","Dollars",1208,1300,1347,1441,1461,1433,1457,1491,1537,1608,1598,1577,1513,1497,1613,1650,1756,1831,1867,1921,1963,2045,2069
 "34000","New Jersey",2,SAEXP2,18,"...","   Recreation services","Dollars",905,941,996,1051,1133,1233,1295,1364,1441,1549,1666,1764,1750,1782,1815,1899,1968,1988,2015,2067,2076,2143,2184
 "34000","New Jersey",2,SAEXP2,19,"...","   Food services and accommodations","Dollars",1255,1287,1320,1383,1431,1493,1587,1678,1767,1886,1930,1955,1897,1938,1972,2042,2152,2261,2358,2443,2553,2713,2777
 "34000","New Jersey",2,SAEXP2,20,"...","   Financial services and insurance","Dollars",1753,1935,2119,2377,2264,2262,2332,2515,2684,2781,2875,2887,2613,2719,2833,2838,2958,3104,3238,3208,3336,3466,3627
 "34000","New Jersey",2,SAEXP2,21,"...","   Other services","Dollars",2123,2306,2358,2591,2847,3033,3274,3456,3650,3901,4082,4162,4141,4216,4272,4401,4438,4629,4781,4987,5134,5432,5663
 "34000","New Jersey",2,SAEXP2,22,"...","  Final consumption expenditures of nonprofit institutions serving households (NPISHs)","Dollars",755,860,907,1027,1129,1253,1396,1478,1627,1798,1851,2104,2137,2217,2324,2478,2563,2632,2627,2788,2846,3015,3041
 "34000","New Jersey",2,SAEXP2,23,"...","   Gross output of nonprofit institutions","Dollars",2861,3063,3174,3403,3650,3987,4291,4628,4976,5311,5470,5751,5894,6043,6168,6384,6568,6767,6968,7346,7496,7892,8184
 "34000","New Jersey",2,SAEXP2,24,"...","   Less: Receipts from sales of goods and services by nonprofit institutions","Dollars",2106,2203,2267,2376,2521,2734,2895,3150,3349,3513,3619,3647,3758,3826,3843,3907,4004,4135,4341,4558,4650,4877,5143
 "35000","New Mexico",6,SAEXP2,1,"...","Per capita personal consumption expenditures","Dollars",17350,18097,19125,20029,20714,21343,22313,23770,25156,26420,27454,28406,27875,28444,29443,30231,30805,32077,33062,33880,34844,36392,37158
 "35000","New Mexico",6,SAEXP2,2,"..."," Goods","Dollars",6627,6831,7326,7666,7798,7976,8356,8970,9428,9931,10380,10516,9682,9837,10300,10529,10677,11016,11094,11073,11321,11878,11862
 "35000","New Mexico",6,SAEXP2,3,"...","  Durable goods","Dollars",2495,2628,2822,2900,2983,3109,3177,3422,3515,3571,3712,3500,3145,3134,3190,3334,3466,3618,3785,3822,3907,4096,4141
 "35000","New Mexico",6,SAEXP2,4,"...","   Motor vehicles and parts","Dollars",1029,1101,1176,1197,1280,1350,1321,1368,1392,1345,1376,1179,1025,1072,1131,1232,1299,1365,1455,1464,1487,1556,1517
 "35000","New Mexico",6,SAEXP2,5,"...","   Furnishings and durable household equipment","Dollars",570,595,630,656,651,667,697,751,775,805,831,777,669,653,657,683,702,732,755,771,802,848,881
 "35000","New Mexico",6,SAEXP2,6,"...","   Recreational goods and vehicles","Dollars",520,540,598,612,623,643,676,775,817,845,883,915,828,780,762,767,796,824,853,867,893,944,998
 "35000","New Mexico",6,SAEXP2,7,"...","   Other durable goods","Dollars",376,392,417,435,429,449,482,528,531,576,622,629,622,629,640,653,669,697,722,719,724,749,745
 "35000","New Mexico",6,SAEXP2,8,"...","  Nondurable goods","Dollars",4132,4202,4504,4766,4814,4867,5179,5548,5913,6360,6668,7016,6537,6703,7110,7194,7211,7397,7309,7251,7415,7782,7721
 "35000","New Mexico",6,SAEXP2,9,"...","   Food and beverages purchased for off-premises consumption","Dollars",1610,1652,1733,1765,1788,1773,1861,1952,2071,2214,2343,2442,2439,2422,2514,2554,2596,2703,2806,2837,2877,2936,2970
 "35000","New Mexico",6,SAEXP2,10,"...","   Clothing and footwear","Dollars",656,660,697,688,705,728,761,788,759,778,792,778,763,767,768,789,791,808,816,833,837,857,862
 "35000","New Mexico",6,SAEXP2,11,"...","   Gasoline and other energy goods","Dollars",628,571,635,807,761,747,862,1019,1237,1391,1476,1731,1254,1408,1692,1690,1655,1587,1299,1122,1197,1393,1223
 "35000","New Mexico",6,SAEXP2,12,"...","   Other nondurable goods","Dollars",1238,1318,1439,1507,1561,1620,1694,1789,1847,1977,2056,2064,2081,2106,2137,2161,2168,2299,2388,2459,2504,2596,2666
 "35000","New Mexico",6,SAEXP2,13,"..."," Services","Dollars",10724,11266,11799,12363,12917,13367,13957,14800,15727,16488,17074,17890,18193,18607,19143,19702,20128,21061,21968,22808,23522,24514,25296
 "35000","New Mexico",6,SAEXP2,14,"...","  Household consumption expenditures (for services)","Dollars",10380,10816,11295,11817,12330,12766,13311,14161,15026,15707,16328,17056,17340,17743,18227,18726,19133,20044,20934,21702,22357,23301,24079
 "35000","New Mexico",6,SAEXP2,15,"...","   Housing and utilities","Dollars",3025,3140,3262,3451,3679,3738,3862,4063,4304,4490,4598,4755,4778,4793,4921,5078,5262,5494,5756,5936,6179,6408,6590
 "35000","New Mexico",6,SAEXP2,16,"...","   Health care","Dollars",2475,2513,2571,2620,2784,3005,3114,3539,3850,3896,4086,4417,4750,4919,5075,5243,5249,5532,5826,6160,6228,6504,6825
 "35000","New Mexico",6,SAEXP2,17,"...","   Transportation services","Dollars",616,652,680,730,758,752,761,768,803,815,849,870,791,809,846,867,893,895,900,922,954,998,1020
 "35000","New Mexico",6,SAEXP2,18,"...","   Recreation services","Dollars",736,810,845,805,817,840,899,940,968,1045,1146,1222,1258,1265,1252,1317,1332,1361,1409,1436,1440,1465,1507
 "35000","New Mexico",6,SAEXP2,19,"...","   Food services and accommodations","Dollars",1242,1266,1304,1389,1423,1499,1580,1667,1754,1875,1939,2002,2010,2037,2084,2151,2234,2380,2500,2577,2658,2784,2867
 "35000","New Mexico",6,SAEXP2,20,"...","   Financial services and insurance","Dollars",1123,1206,1297,1424,1381,1407,1474,1541,1666,1749,1823,1863,1809,1973,2091,2117,2207,2357,2445,2516,2643,2749,2792
 "35000","New Mexico",6,SAEXP2,21,"...","   Other services","Dollars",1162,1229,1335,1397,1488,1525,1621,1644,1682,1838,1886,1927,1944,1946,1957,1952,1956,2025,2098,2155,2256,2392,2478
 "35000","New Mexico",6,SAEXP2,22,"...","  Final consumption expenditures of nonprofit institutions serving households (NPISHs)","Dollars",344,451,504,546,587,601,647,639,701,781,746,834,853,864,916,976,995,1017,1034,1106,1165,1213,1217
 "35000","New Mexico",6,SAEXP2,23,"...","   Gross output of nonprofit institutions","Dollars",1420,1594,1697,1785,1870,1934,2049,2125,2325,2477,2481,2645,2760,2848,2960,3104,3156,3269,3469,3728,3871,4080,4261
 "35000","New Mexico",6,SAEXP2,24,"...","   Less: Receipts from sales of goods and services by nonprofit institutions","Dollars",1077,1144,1193,1239,1284,1333,1403,1486,1623,1696,1735,1811,1907,1984,2044,2127,2161,2252,2435,2622,2705,2867,3044
 "36000","New York",2,SAEXP2,1,"...","Per capita personal consumption expenditures","Dollars",22269,23450,24805,26461,27447,28225,29653,31446,33460,35264,36810,37731,37052,38113,39628,40746,41996,44148,45711,47502,49637,52482,54890
 "36000","New York",2,SAEXP2,2,"..."," Goods","Dollars",7035,7304,7821,8294,8583,8807,9210,9734,10302,10720,11084,11105,10534,10951,11537,11728,12054,12522,12676,12882,13405,14207,14846
 "36000","New York",2,SAEXP2,3,"...","  Durable goods","Dollars",1988,2140,2332,2485,2598,2725,2845,3000,3107,3173,3312,3130,2881,2946,3054,3092,3223,3336,3433,3524,3644,3849,3981
 "36000","New York",2,SAEXP2,4,"...","   Motor vehicles and parts","Dollars",662,714,772,805,856,915,957,977,970,920,944,821,775,826,872,918,957,1009,1056,1081,1127,1174,1174
 "36000","New York",2,SAEXP2,5,"...","   Furnishings and durable household equipment","Dollars",497,535,595,652,684,722,739,807,845,878,924,900,811,822,849,862,889,918,952,984,1025,1079,1142
 "36000","New York",2,SAEXP2,6,"...","   Recreational goods and vehicles","Dollars",542,585,628,666,701,719,753,791,835,867,899,871,783,760,742,710,708,712,722,747,766,829,869
 "36000","New York",2,SAEXP2,7,"...","   Other durable goods","Dollars",287,308,337,361,357,369,395,424,457,508,545,538,512,537,590,603,668,697,702,712,726,767,796
 "36000","New York",2,SAEXP2,8,"...","  Nondurable goods","Dollars",5047,5164,5489,5809,5985,6082,6366,6735,7195,7547,7771,7974,7653,8006,8483,8636,8832,9187,9243,9359,9761,10358,10865
 "36000","New York",2,SAEXP2,9,"...","   Food and beverages purchased for off-premises consumption","Dollars",1483,1490,1568,1624,1697,1736,1797,1884,2044,2121,2200,2285,2297,2378,2479,2562,2629,2725,2784,2829,2927,3069,3206
 "36000","New York",2,SAEXP2,10,"...","   Clothing and footwear","Dollars",1195,1231,1301,1340,1317,1321,1341,1385,1442,1522,1522,1489,1405,1485,1610,1661,1700,1735,1734,1754,1746,1829,1906
 "36000","New York",2,SAEXP2,11,"...","   Gasoline and other energy goods","Dollars",371,319,346,441,425,401,481,560,664,740,798,922,680,775,924,894,887,856,660,567,639,727,701
 "36000","New York",2,SAEXP2,12,"...","   Other nondurable goods","Dollars",1997,2125,2274,2405,2547,2624,2747,2906,3044,3164,3252,3280,3271,3367,3470,3520,3615,3871,4064,4208,4450,4733,5052
 "36000","New York",2,SAEXP2,13,"..."," Services","Dollars",15234,16145,16983,18167,18863,19419,20443,21711,23158,24543,25727,26626,26518,27162,28091,29018,29942,31626,33036,34619,36232,38275,40044
 "36000","New York",2,SAEXP2,14,"...","  Household consumption expenditures (for services)","Dollars",14752,15553,16351,17455,18059,18535,19525,20747,22107,23401,24564,25281,25160,25774,26632,27391,28301,29917,31284,32708,34257,36158,37917
 "36000","New York",2,SAEXP2,15,"...","   Housing and utilities","Dollars",4138,4306,4510,4752,5077,5212,5428,5660,6120,6438,6757,7010,7084,7118,7313,7392,7584,7937,8310,8591,8916,9320,9657
 "36000","New York",2,SAEXP2,16,"...","   Health care","Dollars",3464,3634,3777,3933,4197,4480,4766,5074,5274,5495,5744,5908,6184,6333,6454,6544,6691,6968,7237,7671,8032,8603,9165
 "36000","New York",2,SAEXP2,17,"...","   Transportation services","Dollars",1063,1130,1189,1271,1272,1228,1271,1358,1425,1506,1577,1634,1607,1656,1765,1828,1953,2118,2236,2356,2514,2669,2739
 "36000","New York",2,SAEXP2,18,"...","   Recreation services","Dollars",811,855,937,997,1023,1028,1083,1171,1232,1353,1434,1482,1452,1509,1535,1618,1680,1816,1879,1960,2008,2089,2154
 "36000","New York",2,SAEXP2,19,"...","   Food services and accommodations","Dollars",1230,1286,1383,1512,1493,1531,1630,1764,1898,2051,2194,2293,2247,2373,2530,2662,2739,2942,3107,3273,3510,3710,3874
 "36000","New York",2,SAEXP2,20,"...","   Financial services and insurance","Dollars",1633,1778,1946,2180,2070,2084,2172,2358,2590,2756,2891,2898,2607,2700,2842,2995,3223,3402,3551,3563,3837,4110,4391
 "36000","New York",2,SAEXP2,21,"...","   Other services","Dollars",2412,2565,2608,2812,2928,2974,3176,3362,3568,3802,3967,4056,3978,4084,4193,4353,4432,4735,4964,5293,5441,5657,5936
 "36000","New York",2,SAEXP2,22,"...","  Final consumption expenditures of nonprofit institutions serving households (NPISHs)","Dollars",483,592,632,712,804,883,918,964,1050,1142,1163,1345,1358,1389,1459,1626,1641,1708,1752,1911,1974,2117,2127
 "36000","New York",2,SAEXP2,23,"...","   Gross output of nonprofit institutions","Dollars",2360,2461,2553,2721,2949,3181,3379,3651,3901,4151,4375,4647,4818,5008,5177,5464,5583,5840,5971,6382,6687,7159,7487
 "36000","New York",2,SAEXP2,24,"...","   Less: Receipts from sales of goods and services by nonprofit institutions","Dollars",1878,1869,1922,2010,2145,2298,2461,2687,2850,3009,3212,3302,3460,3620,3718,3838,3942,4132,4219,4471,4713,5041,5360
 "37000","North Carolina",5,SAEXP2,1,"...","Per capita personal consumption expenditures","Dollars",18168,18744,19911,21166,21673,22050,22877,24016,25313,26258,27254,27473,26811,27486,28349,29274,30013,30918,31952,32979,34250,35804,37099
 "37000","North Carolina",5,SAEXP2,2,"..."," Goods","Dollars",7539,7760,8402,8879,8935,8947,9229,9662,10193,10457,10757,10583,9808,10163,10569,11048,11374,11688,11796,11930,12270,12775,13189
 "37000","North Carolina",5,SAEXP2,3,"...","  Durable goods","Dollars",2831,3002,3270,3361,3330,3379,3454,3612,3737,3732,3812,3439,3076,3135,3218,3379,3542,3681,3879,3991,4110,4287,4467
 "37000","North Carolina",5,SAEXP2,4,"...","   Motor vehicles and parts","Dollars",1244,1320,1435,1451,1450,1485,1459,1481,1474,1393,1422,1184,1063,1156,1194,1283,1349,1410,1524,1563,1603,1652,1665
 "37000","North Carolina",5,SAEXP2,5,"...","   Furnishings and durable household equipment","Dollars",689,732,790,833,822,830,835,884,952,967,964,880,759,736,735,757,801,822,859,905,937,974,1006
 "37000","North Carolina",5,SAEXP2,6,"...","   Recreational goods and vehicles","Dollars",594,636,707,723,718,732,803,869,910,939,958,926,822,803,830,865,907,944,960,987,1027,1101,1215
 "37000","North Carolina",5,SAEXP2,7,"...","   Other durable goods","Dollars",302,315,337,355,340,332,357,379,401,433,469,448,431,440,459,474,486,506,535,536,544,559,581
 "37000","North Carolina",5,SAEXP2,8,"...","  Nondurable goods","Dollars",4709,4758,5133,5517,5605,5568,5775,6049,6456,6725,6944,7144,6733,7028,7351,7669,7832,8007,7917,7938,8159,8488,8722
 "37000","North Carolina",5,SAEXP2,9,"...","   Food and beverages purchased for off-premises consumption","Dollars",1791,1804,1915,1988,2015,2013,2026,2072,2189,2223,2341,2423,2362,2382,2392,2562,2625,2698,2747,2755,2818,2896,2982
 "37000","North Carolina",5,SAEXP2,10,"...","   Clothing and footwear","Dollars",862,884,927,952,944,892,901,910,950,963,972,923,881,905,925,941,963,987,1003,1028,1016,1045,1085
 "37000","North Carolina",5,SAEXP2,11,"...","   Gasoline and other energy goods","Dollars",598,524,570,731,695,645,747,874,1037,1156,1186,1321,962,1137,1363,1388,1354,1284,941,837,932,1065,1013
 "37000","North Carolina",5,SAEXP2,12,"...","   Other nondurable goods","Dollars",1458,1545,1721,1845,1950,2018,2102,2193,2281,2383,2445,2477,2527,2605,2671,2778,2889,3038,3226,3318,3393,3481,3642
 "37000","North Carolina",5,SAEXP2,13,"..."," Services","Dollars",10628,10984,11509,12287,12738,13103,13648,14354,15120,15801,16497,16890,17002,17323,17780,18225,18639,19231,20156,21050,21980,23029,23910
 "37000","North Carolina",5,SAEXP2,14,"...","  Household consumption expenditures (for services)","Dollars",10384,10961,11483,12235,12665,13021,13580,14315,15085,15720,16412,16742,16885,17229,17673,18101,18505,19090,20022,20912,21842,22856,23748
 "37000","North Carolina",5,SAEXP2,15,"...","   Housing and utilities","Dollars",2995,3118,3237,3412,3588,3700,3833,3987,4232,4371,4509,4596,4704,4794,4861,4965,5096,5312,5557,5799,5982,6247,6486
 "37000","North Carolina",5,SAEXP2,16,"...","   Health care","Dollars",2655,2744,2850,3043,3312,3506,3712,3996,4181,4341,4475,4603,4828,4910,5061,5259,5307,5374,5600,5871,6227,6527,6815
 "37000","North Carolina",5,SAEXP2,17,"...","   Transportation services","Dollars",464,494,531,566,544,516,525,543,564,577,596,580,541,554,593,604,642,676,724,771,791,833,858
 "37000","North Carolina",5,SAEXP2,18,"...","   Recreation services","Dollars",623,661,703,720,729,729,750,790,829,887,963,1001,1016,1045,1059,1115,1134,1155,1218,1280,1311,1379,1418
 "37000","North Carolina",5,SAEXP2,19,"...","   Food services and accommodations","Dollars",1167,1206,1261,1349,1344,1389,1459,1562,1655,1751,1851,1868,1830,1878,1930,2010,2094,2188,2318,2422,2502,2596,2685
 "37000","North Carolina",5,SAEXP2,20,"...","   Financial services and insurance","Dollars",1214,1338,1462,1627,1546,1539,1589,1681,1797,1854,1949,1956,1844,1893,1938,1923,1977,2040,2168,2222,2374,2484,2613
 "37000","North Carolina",5,SAEXP2,21,"...","   Other services","Dollars",1266,1400,1440,1517,1603,1642,1713,1755,1827,1939,2068,2138,2121,2155,2230,2225,2256,2345,2436,2547,2656,2789,2873
 "37000","North Carolina",5,SAEXP2,22,"...","  Final consumption expenditures of nonprofit institutions serving households (NPISHs)","Dollars",244,23,26,52,73,82,68,39,36,81,85,148,117,94,107,125,134,140,134,138,138,174,162
 "37000","North Carolina",5,SAEXP2,23,"...","   Gross output of nonprofit institutions","Dollars",1199,1271,1297,1373,1481,1585,1640,1715,1822,1967,2065,2143,2190,2210,2252,2306,2357,2439,2539,2683,2895,3045,3175
 "37000","North Carolina",5,SAEXP2,24,"...","   Less: Receipts from sales of goods and services by nonprofit institutions","Dollars",955,1248,1271,1321,1408,1504,1572,1676,1787,1887,1980,1995,2073,2116,2145,2182,2223,2299,2405,2546,2757,2871,3013
 "38000","North Dakota",4,SAEXP2,1,"...","Per capita personal consumption expenditures","Dollars",18600,19473,20459,21734,23127,24457,25669,27207,28824,30436,31931,33499,33757,35704,38783,42327,43872,45509,44918,44194,44930,46819,47902
 "38000","North Dakota",4,SAEXP2,2,"..."," Goods","Dollars",7678,7842,8271,8880,9331,9747,10331,10995,11668,12538,13213,13650,13175,14200,15733,17254,17765,18037,16879,15787,15479,15973,15957
 "38000","North Dakota",4,SAEXP2,3,"...","  Durable goods","Dollars",2972,3058,3194,3369,3598,3840,4001,4200,4314,4527,4787,4547,4613,4970,5429,6079,6213,6365,6384,6134,6056,6249,6313
 "38000","North Dakota",4,SAEXP2,4,"...","   Motor vehicles and parts","Dollars",1323,1275,1335,1376,1508,1552,1559,1572,1551,1496,1589,1542,1623,1851,2047,2278,2353,2406,2381,2243,2244,2315,2300
 "38000","North Dakota",4,SAEXP2,5,"...","   Furnishings and durable household equipment","Dollars",612,652,668,702,730,777,816,875,945,985,1024,984,969,1016,1106,1273,1301,1345,1361,1318,1266,1291,1309
 "38000","North Dakota",4,SAEXP2,6,"...","   Recreational goods and vehicles","Dollars",698,768,811,888,957,1082,1161,1260,1292,1440,1512,1353,1337,1375,1486,1657,1684,1685,1672,1653,1662,1753,1825
 "38000","North Dakota",4,SAEXP2,7,"...","   Other durable goods","Dollars",339,362,380,403,403,429,466,493,525,606,661,669,683,728,790,870,875,930,970,920,884,890,879
 "38000","North Dakota",4,SAEXP2,8,"...","  Nondurable goods","Dollars",4707,4784,5077,5511,5733,5907,6329,6794,7355,8011,8426,9103,8563,9230,10304,11175,11551,11672,10495,9653,9424,9724,9643
 "38000","North Dakota",4,SAEXP2,9,"...","   Food and beverages purchased for off-premises consumption","Dollars",1682,1695,1784,1837,1908,1983,2072,2177,2237,2330,2387,2486,2550,2566,2696,2899,3023,3115,3112,3079,2968,2995,2983
 "38000","North Dakota",4,SAEXP2,10,"...","   Clothing and footwear","Dollars",841,864,857,866,866,877,893,901,936,1015,1040,1084,1041,1111,1192,1319,1327,1387,1373,1340,1247,1248,1240
 "38000","North Dakota",4,SAEXP2,11,"...","   Gasoline and other energy goods","Dollars",856,784,849,1101,1108,1061,1270,1511,1862,2095,2277,2734,2094,2529,3310,3699,3887,3734,2601,1895,1917,2122,1986
 "38000","North Dakota",4,SAEXP2,12,"...","   Other nondurable goods","Dollars",1328,1441,1586,1707,1850,1986,2094,2206,2319,2572,2722,2799,2878,3024,3106,3258,3314,3435,3410,3339,3292,3359,3435
 "38000","North Dakota",4,SAEXP2,13,"..."," Services","Dollars",10922,11631,12188,12855,13796,14710,15338,16213,17156,17898,18718,19848,20582,21504,23050,25073,26108,27472,28039,28407,29450,30847,31945
 "38000","North Dakota",4,SAEXP2,14,"...","  Household consumption expenditures (for services)","Dollars",10394,11015,11488,12084,12912,13748,14353,15220,16196,16897,17798,18788,19412,20270,21738,23635,24637,25966,26458,26699,27635,28952,29983
 "38000","North Dakota",4,SAEXP2,15,"...","   Housing and utilities","Dollars",2499,2616,2764,2943,3150,3222,3351,3512,3754,3929,4117,4252,4240,4328,4562,4958,5140,5257,5608,6092,6480,6879,7233
 "38000","North Dakota",4,SAEXP2,16,"...","   Health care","Dollars",2966,3161,3250,3388,3759,4154,4231,4500,4781,5000,5292,5679,6080,6258,6615,6837,7082,7442,7811,8195,8516,8721,8954
 "38000","North Dakota",4,SAEXP2,17,"...","   Transportation services","Dollars",569,583,611,635,652,641,655,687,731,751,799,861,872,945,1102,1296,1413,1592,1438,1183,1188,1253,1281
 "38000","North Dakota",4,SAEXP2,18,"...","   Recreation services","Dollars",767,785,756,796,874,969,992,1030,1059,1067,1094,1166,1235,1308,1377,1594,1723,1862,1796,1658,1660,1809,1891
 "38000","North Dakota",4,SAEXP2,19,"...","   Food services and accommodations","Dollars",1116,1148,1198,1248,1272,1347,1433,1513,1627,1732,1875,1993,2076,2180,2413,2780,2991,3136,3061,2884,2832,2894,2926
 "38000","North Dakota",4,SAEXP2,20,"...","   Financial services and insurance","Dollars",1062,1193,1321,1505,1523,1677,1838,2084,2257,2355,2469,2617,2593,2804,3071,3334,3460,3693,3841,3882,4043,4281,4441
 "38000","North Dakota",4,SAEXP2,21,"...","   Other services","Dollars",1416,1528,1588,1569,1681,1738,1853,1895,1986,2061,2151,2221,2315,2447,2597,2836,2829,2984,2902,2805,2916,3115,3258
 "38000","North Dakota",4,SAEXP2,22,"...","  Final consumption expenditures of nonprofit institutions serving households (NPISHs)","Dollars",528,616,700,771,884,962,985,993,960,1001,921,1060,1171,1234,1312,1438,1470,1505,1581,1708,1816,1895,1962
 "38000","North Dakota",4,SAEXP2,23,"...","   Gross output of nonprofit institutions","Dollars",1738,1850,2029,2184,2397,2603,2620,2691,2710,2753,2719,2944,3194,3397,3572,3766,3817,3924,4168,4434,4655,4820,5188
 "38000","North Dakota",4,SAEXP2,24,"...","   Less: Receipts from sales of goods and services by nonprofit institutions","Dollars",1210,1234,1329,1413,1513,1641,1636,1698,1751,1752,1798,1884,2023,2163,2260,2328,2347,2418,2587,2726,2839,2925,3225
 "39000","Ohio",3,SAEXP2,1,"...","Per capita personal consumption expenditures","Dollars",19492,20525,21694,23113,24006,24836,25895,26978,28318,29325,30549,31081,30701,31704,33109,34213,34935,36221,37455,38561,40092,41587,42707
 "39000","Ohio",3,SAEXP2,2,"..."," Goods","Dollars",7310,7618,8082,8517,8602,8864,9194,9432,9643,9838,10186,10020,9503,9951,10656,11086,11339,11680,11827,11984,12527,12881,13090
 "39000","Ohio",3,SAEXP2,3,"...","  Durable goods","Dollars",2640,2818,3014,3115,3143,3272,3335,3422,3446,3412,3468,3171,2952,3046,3219,3375,3504,3669,3828,3966,4180,4335,4467
 "39000","Ohio",3,SAEXP2,4,"...","   Motor vehicles and parts","Dollars",1169,1224,1316,1312,1339,1368,1355,1337,1297,1194,1209,1068,1007,1097,1174,1240,1299,1390,1460,1493,1564,1621,1632
 "39000","Ohio",3,SAEXP2,5,"...","   Furnishings and durable household equipment","Dollars",603,642,678,725,722,753,766,802,807,800,792,732,660,664,700,731,742,766,814,854,913,957,996
 "39000","Ohio",3,SAEXP2,6,"...","   Recreational goods and vehicles","Dollars",549,599,639,683,690,740,772,838,887,932,961,885,802,779,805,836,888,923,949,1002,1085,1127,1204
 "39000","Ohio",3,SAEXP2,7,"...","   Other durable goods","Dollars",319,353,380,395,391,411,443,444,455,485,506,486,483,506,540,568,575,590,605,617,618,630,635
 "39000","Ohio",3,SAEXP2,8,"...","  Nondurable goods","Dollars",4670,4800,5068,5402,5459,5591,5859,6011,6197,6426,6717,6849,6550,6906,7438,7711,7835,8011,7999,8018,8347,8547,8623
 "39000","Ohio",3,SAEXP2,9,"...","   Food and beverages purchased for off-premises consumption","Dollars",1727,1747,1765,1842,1920,1973,2053,2073,2116,2144,2237,2353,2359,2411,2539,2647,2706,2809,2907,2961,3110,3171,3215
 "39000","Ohio",3,SAEXP2,10,"...","   Clothing and footwear","Dollars",829,883,911,904,887,873,891,874,879,908,882,850,815,844,864,917,927,945,957,974,974,979,980
 "39000","Ohio",3,SAEXP2,11,"...","   Gasoline and other energy goods","Dollars",513,461,536,668,600,572,666,755,881,963,1126,1171,873,1068,1354,1406,1389,1331,1037,901,994,1093,1042
 "39000","Ohio",3,SAEXP2,12,"...","   Other nondurable goods","Dollars",1601,1709,1856,1988,2052,2174,2249,2308,2321,2411,2474,2476,2503,2582,2681,2741,2812,2925,3099,3182,3268,3304,3386
 "39000","Ohio",3,SAEXP2,13,"..."," Services","Dollars",12182,12907,13612,14596,15405,15972,16701,17546,18675,19488,20364,21061,21198,21753,22453,23127,23596,24541,25628,26576,27565,28706,29617
 "39000","Ohio",3,SAEXP2,14,"...","  Household consumption expenditures (for services)","Dollars",11604,12214,12869,13764,14458,14954,15627,16508,17572,18296,19128,19684,19792,20324,20934,21519,21946,22863,23924,24778,25709,26799,27690
 "39000","Ohio",3,SAEXP2,15,"...","   Housing and utilities","Dollars",3144,3264,3445,3673,3910,4013,4181,4368,4707,4916,5091,5263,5291,5288,5361,5390,5478,5673,5834,5967,6153,6375,6617
 "39000","Ohio",3,SAEXP2,16,"...","   Health care","Dollars",2897,3009,3130,3331,3670,3978,4204,4510,4844,5026,5224,5403,5639,5828,6038,6324,6418,6684,7080,7406,7592,7814,8033
 "39000","Ohio",3,SAEXP2,17,"...","   Transportation services","Dollars",829,878,932,1014,996,962,966,985,1002,1001,1019,1005,950,960,1012,1032,1063,1119,1161,1189,1225,1287,1326
 "39000","Ohio",3,SAEXP2,18,"...","   Recreation services","Dollars",872,914,977,1021,1050,1062,1101,1158,1206,1238,1313,1330,1316,1360,1349,1411,1450,1503,1562,1619,1689,1733,1769
 "39000","Ohio",3,SAEXP2,19,"...","   Food services and accommodations","Dollars",1222,1271,1316,1375,1407,1457,1515,1584,1632,1676,1748,1773,1755,1811,1901,2012,2062,2129,2243,2283,2339,2427,2490
 "39000","Ohio",3,SAEXP2,20,"...","   Financial services and insurance","Dollars",1201,1308,1435,1596,1530,1535,1612,1787,1998,2144,2341,2469,2408,2599,2780,2862,3000,3239,3467,3657,3980,4320,4512
 "39000","Ohio",3,SAEXP2,21,"...","   Other services","Dollars",1438,1570,1634,1754,1896,1948,2050,2116,2183,2295,2392,2441,2433,2479,2493,2488,2476,2517,2578,2658,2732,2843,2943
 "39000","Ohio",3,SAEXP2,22,"...","  Final consumption expenditures of nonprofit institutions serving households (NPISHs)","Dollars",578,693,743,833,947,1018,1074,1038,1104,1192,1236,1377,1407,1429,1519,1608,1650,1677,1703,1798,1855,1907,1927
 "39000","Ohio",3,SAEXP2,23,"...","   Gross output of nonprofit institutions","Dollars",2061,2229,2342,2520,2756,2965,3083,3151,3349,3516,3667,3891,4061,4212,4390,4583,4695,4815,4977,5195,5264,5432,5630
 "39000","Ohio",3,SAEXP2,24,"...","   Less: Receipts from sales of goods and services by nonprofit institutions","Dollars",1483,1536,1599,1688,1810,1947,2009,2114,2245,2324,2431,2514,2654,2783,2871,2975,3045,3138,3273,3397,3409,3525,3703
 "40000","Oklahoma",6,SAEXP2,1,"...","Per capita personal consumption expenditures","Dollars",16206,16957,17774,18833,19660,20039,21013,22072,23590,24959,26107,27158,26476,27235,28487,29422,30000,31161,31749,32372,33260,34743,35618
 "40000","Oklahoma",6,SAEXP2,2,"..."," Goods","Dollars",6638,6835,7232,7643,7831,7810,8122,8569,9156,9756,10216,10459,9875,10247,10851,11238,11439,11689,11537,11456,11619,12097,12253
 "40000","Oklahoma",6,SAEXP2,3,"...","  Durable goods","Dollars",2513,2704,2898,2961,3022,3063,3171,3321,3479,3554,3768,3569,3337,3409,3502,3669,3779,3874,3962,3964,4002,4146,4219
 "40000","Oklahoma",6,SAEXP2,4,"...","   Motor vehicles and parts","Dollars",1217,1305,1411,1415,1477,1503,1516,1518,1511,1465,1558,1394,1327,1410,1467,1611,1689,1721,1763,1718,1704,1765,1764
 "40000","Oklahoma",6,SAEXP2,5,"...","   Furnishings and durable household equipment","Dollars",488,529,568,588,596,604,639,688,752,797,832,816,762,751,761,770,784,818,846,861,873,920,960
 "40000","Oklahoma",6,SAEXP2,6,"...","   Recreational goods and vehicles","Dollars",531,581,615,632,634,636,679,758,839,884,944,925,832,813,809,808,819,833,842,872,911,938,964
 "40000","Oklahoma",6,SAEXP2,7,"...","   Other durable goods","Dollars",277,289,305,325,315,319,337,356,377,408,434,434,416,435,464,480,487,502,512,514,513,524,531
 "40000","Oklahoma",6,SAEXP2,8,"...","  Nondurable goods","Dollars",4125,4131,4333,4682,4809,4747,4951,5248,5677,6201,6448,6889,6539,6838,7349,7569,7660,7816,7575,7491,7617,7950,8033
 "40000","Oklahoma",6,SAEXP2,9,"...","   Food and beverages purchased for off-premises consumption","Dollars",1485,1491,1524,1558,1584,1543,1588,1642,1734,1799,1883,1971,2003,2018,2086,2118,2193,2269,2293,2287,2271,2308,2340
 "40000","Oklahoma",6,SAEXP2,10,"...","   Clothing and footwear","Dollars",741,741,767,810,813,810,828,842,885,919,925,921,897,916,953,982,978,987,1005,1030,1038,1075,1101
 "40000","Oklahoma",6,SAEXP2,11,"...","   Gasoline and other energy goods","Dollars",620,547,563,737,751,678,743,854,1047,1283,1326,1592,1160,1354,1681,1763,1787,1721,1313,1163,1222,1392,1302
 "40000","Oklahoma",6,SAEXP2,12,"...","   Other nondurable goods","Dollars",1278,1352,1478,1577,1662,1716,1793,1910,2012,2201,2313,2405,2479,2550,2629,2705,2702,2839,2964,3011,3085,3176,3291
 "40000","Oklahoma",6,SAEXP2,13,"..."," Services","Dollars",9569,10122,10543,11190,11829,12229,12891,13503,14433,15204,15891,16699,16601,16988,17636,18184,18560,19472,20212,20916,21641,22647,23365
 "40000","Oklahoma",6,SAEXP2,14,"...","  Household consumption expenditures (for services)","Dollars",9369,9850,10221,10857,11406,11743,12443,13089,14070,14794,15509,16194,16167,16598,17256,17785,18170,19039,19814,20431,21093,22114,22863
 "40000","Oklahoma",6,SAEXP2,15,"...","   Housing and utilities","Dollars",2656,2785,2861,3084,3298,3337,3494,3671,3927,4155,4247,4409,4367,4443,4566,4555,4677,4916,5000,5195,5389,5675,5837
 "40000","Oklahoma",6,SAEXP2,16,"...","   Health care","Dollars",2535,2643,2684,2813,3054,3297,3628,3822,4145,4273,4494,4731,4807,4904,5091,5237,5268,5527,5865,6002,6110,6355,6622
 "40000","Oklahoma",6,SAEXP2,17,"...","   Transportation services","Dollars",381,403,430,460,465,439,460,485,544,585,622,609,530,541,567,628,630,627,626,638,669,704,723
 "40000","Oklahoma",6,SAEXP2,18,"...","   Recreation services","Dollars",661,674,697,695,687,683,730,778,845,909,987,1016,1030,1056,1070,1167,1193,1222,1282,1349,1391,1461,1492
 "40000","Oklahoma",6,SAEXP2,19,"...","   Food services and accommodations","Dollars",1004,1022,1061,1137,1166,1203,1238,1296,1392,1493,1556,1661,1712,1781,1893,2016,2098,2224,2352,2420,2449,2553,2598
 "40000","Oklahoma",6,SAEXP2,20,"...","   Financial services and insurance","Dollars",915,989,1083,1226,1182,1201,1247,1353,1467,1550,1677,1780,1721,1853,2029,2158,2284,2443,2607,2709,2904,3104,3247
 "40000","Oklahoma",6,SAEXP2,21,"...","   Other services","Dollars",1216,1334,1406,1441,1554,1582,1645,1682,1750,1830,1926,1987,2001,2021,2039,2024,2021,2080,2083,2118,2181,2262,2344
 "40000","Oklahoma",6,SAEXP2,22,"...","  Final consumption expenditures of nonprofit institutions serving households (NPISHs)","Dollars",200,273,321,333,423,487,448,415,363,410,382,505,434,390,381,399,390,433,398,485,548,533,502
 "40000","Oklahoma",6,SAEXP2,23,"...","   Gross output of nonprofit institutions","Dollars",1408,1533,1642,1705,1913,2103,2067,2126,2190,2354,2406,2625,2666,2760,2855,3008,3051,3185,3301,3456,3632,3755,3900
 "40000","Oklahoma",6,SAEXP2,24,"...","   Less: Receipts from sales of goods and services by nonprofit institutions","Dollars",1208,1261,1321,1372,1491,1616,1619,1711,1827,1945,2024,2120,2233,2370,2474,2609,2661,2752,2903,2971,3084,3223,3398
 "41000","Oregon",8,SAEXP2,1,"...","Per capita personal consumption expenditures","Dollars",20890,21801,23045,24214,24721,25475,26323,27960,29527,31097,32221,32497,31457,32124,33276,34010,34985,36393,37664,38676,40355,42202,43707
 "41000","Oregon",8,SAEXP2,2,"..."," Goods","Dollars",7828,8052,8575,8914,8894,9042,9274,9975,10550,11186,11525,11192,10276,10578,11022,11267,11637,12050,12191,12209,12787,13471,13842
 "41000","Oregon",8,SAEXP2,3,"...","  Durable goods","Dollars",2931,3116,3386,3412,3378,3494,3536,3788,3983,4121,4190,3713,3284,3367,3439,3552,3772,3998,4200,4362,4668,4933,5094
 "41000","Oregon",8,SAEXP2,4,"...","   Motor vehicles and parts","Dollars",1217,1299,1383,1347,1345,1373,1300,1331,1354,1314,1308,1053,921,956,975,1043,1110,1175,1290,1351,1450,1486,1447
 "41000","Oregon",8,SAEXP2,5,"...","   Furnishings and durable household equipment","Dollars",678,713,787,798,780,798,831,917,995,1060,1068,970,837,853,848,876,931,995,1055,1108,1191,1267,1333
 "41000","Oregon",8,SAEXP2,6,"...","   Recreational goods and vehicles","Dollars",770,821,902,945,933,989,1059,1164,1228,1300,1349,1245,1095,1112,1141,1144,1229,1299,1320,1376,1495,1620,1749
 "41000","Oregon",8,SAEXP2,7,"...","   Other durable goods","Dollars",265,282,314,322,320,334,347,376,406,447,465,444,430,447,475,489,502,528,535,528,533,559,566
 "41000","Oregon",8,SAEXP2,8,"...","  Nondurable goods","Dollars",4897,4936,5189,5503,5516,5547,5738,6188,6567,7065,7335,7479,6992,7211,7583,7716,7865,8052,7991,7847,8118,8539,8747
 "41000","Oregon",8,SAEXP2,9,"...","   Food and beverages purchased for off-premises consumption","Dollars",1950,1989,2045,2135,2216,2273,2375,2562,2668,2838,2982,3030,2962,2982,3072,3136,3182,3290,3360,3290,3341,3440,3538
 "41000","Oregon",8,SAEXP2,10,"...","   Clothing and footwear","Dollars",890,896,918,918,906,900,885,941,990,1036,1009,954,906,942,987,1023,1036,1065,1082,1081,1100,1153,1188
 "41000","Oregon",8,SAEXP2,11,"...","   Gasoline and other energy goods","Dollars",611,538,585,741,650,575,643,775,918,1034,1109,1238,874,987,1157,1145,1161,1122,877,782,893,1022,963
 "41000","Oregon",8,SAEXP2,12,"...","   Other nondurable goods","Dollars",1446,1513,1641,1709,1743,1798,1835,1911,1991,2157,2235,2257,2251,2300,2366,2413,2485,2575,2671,2693,2785,2923,3058
 "41000","Oregon",8,SAEXP2,13,"..."," Services","Dollars",13063,13748,14470,15299,15827,16433,17049,17984,18977,19912,20696,21305,21181,21546,22254,22743,23348,24344,25472,26468,27568,28730,29865
 "41000","Oregon",8,SAEXP2,14,"...","  Household consumption expenditures (for services)","Dollars",12674,13283,13982,14707,15211,15761,16359,17280,18314,19167,19937,20427,20267,20594,21219,21612,22162,23121,24202,25105,26174,27285,28410
 "41000","Oregon",8,SAEXP2,15,"...","   Housing and utilities","Dollars",4154,4371,4576,4827,5114,5330,5469,5727,6052,6294,6511,6668,6731,6654,6860,6940,7110,7309,7623,7834,8147,8402,8708
 "41000","Oregon",8,SAEXP2,16,"...","   Health care","Dollars",2455,2563,2698,2871,3136,3474,3630,3917,4222,4457,4732,4924,5103,5276,5439,5554,5707,6080,6422,6739,7024,7237,7596
 "41000","Oregon",8,SAEXP2,17,"...","   Transportation services","Dollars",823,855,920,961,948,906,933,963,1010,1075,1134,1139,1042,1034,1077,1113,1159,1207,1230,1281,1319,1387,1422
 "41000","Oregon",8,SAEXP2,18,"...","   Recreation services","Dollars",972,995,1079,1067,1070,1080,1122,1192,1255,1311,1393,1418,1377,1410,1430,1514,1547,1610,1663,1748,1813,1885,1930
 "41000","Oregon",8,SAEXP2,19,"...","   Food services and accommodations","Dollars",1356,1393,1473,1546,1546,1584,1670,1771,1894,1994,2078,2097,2008,2046,2121,2219,2343,2468,2662,2755,2889,3105,3199
 "41000","Oregon",8,SAEXP2,20,"...","   Financial services and insurance","Dollars",1474,1573,1648,1762,1678,1655,1687,1767,1887,1937,1956,1982,1833,1990,2072,2049,2099,2199,2265,2300,2432,2585,2708
 "41000","Oregon",8,SAEXP2,21,"...","   Other services","Dollars",1440,1533,1587,1673,1720,1732,1847,1943,1994,2099,2133,2199,2172,2184,2220,2223,2198,2248,2336,2449,2549,2682,2846
 "41000","Oregon",8,SAEXP2,22,"...","  Final consumption expenditures of nonprofit institutions serving households (NPISHs)","Dollars",389,465,489,592,616,672,690,705,663,744,759,878,914,952,1035,1131,1186,1223,1270,1362,1394,1446,1456
 "41000","Oregon",8,SAEXP2,23,"...","   Gross output of nonprofit institutions","Dollars",1824,1936,2002,2208,2292,2454,2531,2690,2725,2886,3017,3214,3379,3540,3731,3931,4039,4188,4482,4727,4900,5058,5277
 "41000","Oregon",8,SAEXP2,24,"...","   Less: Receipts from sales of goods and services by nonprofit institutions","Dollars",1436,1471,1514,1616,1677,1781,1841,1985,2062,2141,2257,2336,2465,2588,2696,2800,2852,2966,3212,3365,3506,3612,3822
 "42000","Pennsylvania",2,SAEXP2,1,"...","Per capita personal consumption expenditures","Dollars",20455,21552,22812,24381,25456,26357,27858,29331,30877,32241,33563,34580,34081,35267,36552,37224,37979,39115,40199,41352,42822,44829,46502
 "42000","Pennsylvania",2,SAEXP2,2,"..."," Goods","Dollars",7175,7466,8033,8530,8732,8960,9481,9916,10283,10566,10894,11052,10626,11074,11629,11827,11963,12128,12171,12426,12783,13311,13693
 "42000","Pennsylvania",2,SAEXP2,3,"...","  Durable goods","Dollars",2497,2679,2900,3041,3145,3285,3405,3569,3587,3557,3620,3434,3274,3417,3559,3666,3729,3785,3886,3968,4093,4265,4411
 "42000","Pennsylvania",2,SAEXP2,4,"...","   Motor vehicles and parts","Dollars",1048,1130,1214,1232,1295,1361,1382,1417,1351,1253,1270,1107,1079,1176,1234,1300,1353,1409,1490,1516,1564,1617,1616
 "42000","Pennsylvania",2,SAEXP2,5,"...","   Furnishings and durable household equipment","Dollars",552,581,626,679,706,738,759,813,850,854,861,836,764,774,789,802,811,822,862,907,952,992,1040
 "42000","Pennsylvania",2,SAEXP2,6,"...","   Recreational goods and vehicles","Dollars",585,636,697,744,773,804,855,911,944,982,1001,1011,960,977,1012,1036,1027,1008,981,981,1002,1063,1151
 "42000","Pennsylvania",2,SAEXP2,7,"...","   Other durable goods","Dollars",311,332,362,385,371,382,409,428,442,468,488,481,470,490,525,528,537,547,552,564,574,592,603
 "42000","Pennsylvania",2,SAEXP2,8,"...","  Nondurable goods","Dollars",4679,4787,5133,5489,5587,5676,6075,6346,6696,7009,7274,7618,7352,7657,8070,8161,8234,8343,8284,8458,8690,9046,9283
 "42000","Pennsylvania",2,SAEXP2,9,"...","   Food and beverages purchased for off-premises consumption","Dollars",1710,1736,1828,1920,1966,1993,2135,2162,2256,2350,2464,2593,2582,2606,2656,2724,2735,2745,2802,2896,2935,2991,3054
 "42000","Pennsylvania",2,SAEXP2,10,"...","   Clothing and footwear","Dollars",898,931,983,1011,972,959,997,997,1011,1010,1006,993,973,1004,1042,1044,1054,1073,1086,1108,1104,1132,1136
 "42000","Pennsylvania",2,SAEXP2,11,"...","   Gasoline and other energy goods","Dollars",518,456,499,625,611,571,673,825,985,1090,1166,1343,1020,1192,1441,1421,1377,1324,1030,931,1012,1137,1099
 "42000","Pennsylvania",2,SAEXP2,12,"...","   Other nondurable goods","Dollars",1552,1665,1823,1933,2038,2153,2270,2362,2444,2559,2638,2688,2777,2856,2931,2971,3068,3201,3365,3522,3639,3786,3993
 "42000","Pennsylvania",2,SAEXP2,13,"..."," Services","Dollars",13280,14086,14779,15852,16724,17397,18377,19415,20593,21674,22669,23529,23456,24193,24923,25398,26016,26986,28028,28925,30040,31519,32809
 "42000","Pennsylvania",2,SAEXP2,14,"...","  Household consumption expenditures (for services)","Dollars",12654,13335,13954,14950,15703,16320,17251,18258,19414,20361,21289,22024,21951,22690,23376,23816,24387,25308,26356,27156,28190,29555,30804
 "42000","Pennsylvania",2,SAEXP2,15,"...","   Housing and utilities","Dollars",3210,3347,3494,3723,4001,4108,4268,4466,4780,4995,5192,5375,5408,5473,5631,5760,5978,6266,6566,6821,7088,7383,7667
 "42000","Pennsylvania",2,SAEXP2,16,"...","   Health care","Dollars",3180,3294,3406,3590,3888,4156,4419,4724,5019,5250,5508,5728,5875,6203,6425,6581,6676,6920,7221,7455,7699,8034,8262
 "42000","Pennsylvania",2,SAEXP2,17,"...","   Transportation services","Dollars",796,843,898,972,992,965,988,1032,1059,1087,1099,1116,1069,1098,1165,1193,1245,1298,1345,1379,1424,1502,1546
 "42000","Pennsylvania",2,SAEXP2,18,"...","   Recreation services","Dollars",871,928,972,1029,1049,1091,1184,1262,1315,1390,1479,1554,1587,1634,1640,1721,1795,1821,1898,1978,2012,2108,2228
 "42000","Pennsylvania",2,SAEXP2,19,"...","   Food services and accommodations","Dollars",1116,1161,1182,1276,1318,1373,1438,1518,1598,1664,1765,1809,1799,1878,1976,2073,2150,2225,2345,2419,2461,2555,2623
 "42000","Pennsylvania",2,SAEXP2,20,"...","   Financial services and insurance","Dollars",1678,1807,1954,2171,2109,2183,2317,2520,2775,2931,3068,3182,2970,3106,3212,3147,3181,3310,3389,3378,3602,3798,3997
 "42000","Pennsylvania",2,SAEXP2,21,"...","   Other services","Dollars",1801,1954,2047,2189,2346,2444,2637,2735,2869,3045,3179,3259,3243,3298,3326,3341,3361,3468,3591,3726,3903,4174,4481
 "42000","Pennsylvania",2,SAEXP2,22,"...","  Final consumption expenditures of nonprofit institutions serving households (NPISHs)","Dollars",626,751,824,902,1021,1077,1126,1157,1179,1313,1379,1505,1505,1503,1547,1582,1629,1678,1672,1769,1849,1964,2005
 "42000","Pennsylvania",2,SAEXP2,23,"...","   Gross output of nonprofit institutions","Dollars",2266,2453,2590,2737,2987,3188,3312,3496,3652,3884,4088,4250,4332,4403,4487,4571,4680,4832,4988,5195,5413,5698,5918
 "42000","Pennsylvania",2,SAEXP2,24,"...","   Less: Receipts from sales of goods and services by nonprofit institutions","Dollars",1640,1702,1765,1835,1966,2111,2187,2339,2473,2570,2709,2745,2827,2900,2940,2989,3051,3154,3316,3426,3564,3735,3914
 "44000","Rhode Island",1,SAEXP2,1,"...","Per capita personal consumption expenditures","Dollars",20096,20942,21986,23918,24911,26150,27905,29506,31468,32887,34209,35066,34694,35478,36524,37187,38096,39680,41241,42338,43918,45655,47045
 "44000","Rhode Island",1,SAEXP2,2,"..."," Goods","Dollars",6246,6377,7011,7791,7999,8454,9018,9478,10060,10230,10378,10255,9763,10061,10413,10617,10889,11421,11690,11937,12601,13310,13679
 "44000","Rhode Island",1,SAEXP2,3,"...","  Durable goods","Dollars",1790,1911,2141,2390,2493,2740,2917,3042,3142,3169,3121,2858,2698,2782,2861,2919,3012,3140,3249,3313,3453,3598,3674
 "44000","Rhode Island",1,SAEXP2,4,"...","   Motor vehicles and parts","Dollars",731,810,895,993,1049,1154,1213,1187,1170,1087,1071,909,890,949,972,993,1041,1117,1160,1148,1185,1249,1241
 "44000","Rhode Island",1,SAEXP2,5,"...","   Furnishings and durable household equipment","Dollars",395,416,466,531,550,622,659,708,738,762,736,681,614,619,634,657,669,698,730,781,849,894,933
 "44000","Rhode Island",1,SAEXP2,6,"...","   Recreational goods and vehicles","Dollars",427,436,496,545,585,637,684,752,816,862,829,793,738,735,748,746,761,760,765,781,799,822,854
 "44000","Rhode Island",1,SAEXP2,7,"...","   Other durable goods","Dollars",237,250,284,322,309,326,361,395,417,458,486,475,455,479,508,523,541,565,595,604,620,634,647
 "44000","Rhode Island",1,SAEXP2,8,"...","  Nondurable goods","Dollars",4456,4466,4870,5401,5506,5714,6101,6436,6918,7062,7257,7397,7065,7279,7552,7698,7876,8281,8440,8624,9148,9711,10004
 "44000","Rhode Island",1,SAEXP2,9,"...","   Food and beverages purchased for off-premises consumption","Dollars",1665,1673,1769,1906,1927,2027,2099,2178,2281,2385,2499,2550,2539,2566,2629,2687,2766,2894,2988,3074,3191,3324,3393
 "44000","Rhode Island",1,SAEXP2,10,"...","   Clothing and footwear","Dollars",742,750,827,906,865,877,907,958,984,1020,921,886,810,831,857,905,906,929,938,946,947,973,979
 "44000","Rhode Island",1,SAEXP2,11,"...","   Gasoline and other energy goods","Dollars",521,451,482,593,591,568,741,822,958,967,996,1133,835,910,1083,1052,1085,1088,861,783,881,1060,1043
 "44000","Rhode Island",1,SAEXP2,12,"...","   Other nondurable goods","Dollars",1527,1592,1792,1997,2122,2242,2355,2478,2695,2690,2841,2828,2881,2973,2983,3054,3119,3369,3653,3821,4129,4355,4590
 "44000","Rhode Island",1,SAEXP2,13,"..."," Services","Dollars",13849,14565,14975,16126,16912,17695,18887,20028,21408,22657,23831,24811,24932,25417,26111,26570,27207,28259,29552,30401,31317,32345,33367
 "44000","Rhode Island",1,SAEXP2,14,"...","  Household consumption expenditures (for services)","Dollars",13140,13719,14110,15170,15877,16565,17672,18802,20095,21225,22314,23176,23324,23834,24485,24874,25441,26483,27790,28571,29449,30435,31448
 "44000","Rhode Island",1,SAEXP2,15,"...","   Housing and utilities","Dollars",3967,4125,4309,4557,4876,4977,5220,5497,5986,6423,6751,7148,7238,7254,7423,7520,7698,7968,8388,8565,8758,9042,9248
 "44000","Rhode Island",1,SAEXP2,16,"...","   Health care","Dollars",3434,3586,3468,3669,3838,4169,4426,4771,5082,5367,5679,5956,6189,6331,6472,6601,6649,6923,7253,7364,7470,7583,7889
 "44000","Rhode Island",1,SAEXP2,17,"...","   Transportation services","Dollars",575,619,653,736,755,718,786,833,891,894,922,916,891,907,967,989,1048,1100,1156,1212,1277,1352,1400
 "44000","Rhode Island",1,SAEXP2,18,"...","   Recreation services","Dollars",682,693,715,791,843,859,931,999,1092,1193,1276,1355,1376,1438,1442,1495,1549,1618,1681,1748,1826,1856,1891
 "44000","Rhode Island",1,SAEXP2,19,"...","   Food services and accommodations","Dollars",1308,1330,1466,1603,1661,1762,1883,1986,2079,2156,2235,2269,2248,2349,2459,2578,2687,2879,3133,3367,3552,3796,4023
 "44000","Rhode Island",1,SAEXP2,20,"...","   Financial services and insurance","Dollars",1296,1397,1521,1700,1646,1712,1835,1998,2148,2220,2286,2314,2158,2289,2403,2434,2502,2614,2721,2760,2902,2996,3048
 "44000","Rhode Island",1,SAEXP2,21,"...","   Other services","Dollars",1879,1968,1979,2115,2258,2367,2591,2717,2818,2971,3166,3218,3224,3265,3319,3257,3308,3382,3459,3554,3663,3810,3949
 "44000","Rhode Island",1,SAEXP2,22,"...","  Final consumption expenditures of nonprofit institutions serving households (NPISHs)","Dollars",709,847,865,956,1035,1130,1214,1227,1313,1432,1517,1635,1608,1583,1625,1695,1766,1776,1762,1830,1868,1910,1919
 "44000","Rhode Island",1,SAEXP2,23,"...","   Gross output of nonprofit institutions","Dollars",2341,2544,2576,2724,2890,3122,3360,3514,3689,3944,4151,4352,4432,4511,4621,4753,4911,4968,5063,5153,5229,5306,5466
 "44000","Rhode Island",1,SAEXP2,24,"...","   Less: Receipts from sales of goods and services by nonprofit institutions","Dollars",1632,1697,1711,1768,1855,1992,2146,2287,2377,2512,2634,2716,2824,2928,2996,3057,3145,3192,3301,3322,3361,3395,3548
 "45000","South Carolina",5,SAEXP2,1,"...","Per capita personal consumption expenditures","Dollars",17334,18143,19189,20250,20813,21464,22438,23705,25061,26192,27153,27669,26967,27899,28818,29415,30285,31326,31952,32923,33884,35131,36073
 "45000","South Carolina",5,SAEXP2,2,"..."," Goods","Dollars",7046,7317,7937,8315,8310,8431,8839,9449,10087,10507,10764,10712,10011,10513,11022,11266,11584,11865,11780,11991,12329,12808,13094
 "45000","South Carolina",5,SAEXP2,3,"...","  Durable goods","Dollars",2408,2594,2838,2937,2889,2958,3060,3234,3378,3457,3529,3157,2835,2970,3032,3145,3314,3435,3608,3761,3893,3987,4085
 "45000","South Carolina",5,SAEXP2,4,"...","   Motor vehicles and parts","Dollars",1075,1158,1258,1293,1284,1345,1335,1313,1311,1274,1295,1066,961,1064,1104,1191,1269,1319,1416,1460,1504,1518,1510
 "45000","South Carolina",5,SAEXP2,5,"...","   Furnishings and durable household equipment","Dollars",570,610,670,707,676,677,710,788,839,883,870,774,667,671,671,688,731,773,813,859,905,947,980
 "45000","South Carolina",5,SAEXP2,6,"...","   Recreational goods and vehicles","Dollars",492,537,595,611,611,599,642,725,814,844,867,831,736,748,753,756,792,800,820,874,903,930,983
 "45000","South Carolina",5,SAEXP2,7,"...","   Other durable goods","Dollars",272,289,315,326,318,337,373,409,413,456,497,486,472,486,504,509,523,542,560,568,580,592,611
 "45000","South Carolina",5,SAEXP2,8,"...","  Nondurable goods","Dollars",4638,4723,5099,5378,5421,5473,5779,6215,6710,7050,7235,7555,7176,7544,7990,8122,8270,8431,8172,8230,8437,8821,9008
 "45000","South Carolina",5,SAEXP2,9,"...","   Food and beverages purchased for off-premises consumption","Dollars",1755,1806,1908,1957,1987,1959,1982,2116,2281,2317,2397,2538,2570,2622,2649,2667,2740,2849,2879,2928,2922,3016,3068
 "45000","South Carolina",5,SAEXP2,10,"...","   Clothing and footwear","Dollars",923,941,991,970,952,973,1023,1071,1014,1050,1056,1027,978,986,1008,1021,1026,1056,1065,1088,1115,1164,1202
 "45000","South Carolina",5,SAEXP2,11,"...","   Gasoline and other energy goods","Dollars",632,562,616,788,733,708,842,992,1216,1386,1436,1610,1174,1394,1717,1745,1715,1615,1204,1070,1164,1305,1245
 "45000","South Carolina",5,SAEXP2,12,"...","   Other nondurable goods","Dollars",1328,1414,1584,1663,1748,1833,1932,2036,2199,2297,2346,2381,2453,2543,2615,2689,2789,2910,3024,3145,3235,3336,3493
 "45000","South Carolina",5,SAEXP2,13,"..."," Services","Dollars",10287,10826,11252,11936,12504,13034,13599,14256,14974,15684,16389,16957,16956,17386,17796,18149,18701,19461,20173,20931,21554,22324,22980
 "45000","South Carolina",5,SAEXP2,14,"...","  Household consumption expenditures (for services)","Dollars",10075,10556,10994,11639,12108,12580,13166,13864,14610,15245,15926,16421,16461,16929,17309,17597,18092,18816,19571,20297,20894,21629,22283
 "45000","South Carolina",5,SAEXP2,15,"...","   Housing and utilities","Dollars",2819,2950,3062,3226,3393,3495,3618,3756,4004,4161,4306,4431,4516,4650,4746,4835,4975,5189,5426,5666,5809,6002,6175
 "45000","South Carolina",5,SAEXP2,16,"...","   Health care","Dollars",2532,2627,2725,2897,3155,3403,3580,3783,3987,4149,4345,4556,4712,4832,4923,4962,5090,5303,5410,5538,5607,5773,5890
 "45000","South Carolina",5,SAEXP2,17,"...","   Transportation services","Dollars",428,461,514,541,538,528,543,573,588,582,591,589,552,558,582,584,623,664,701,747,777,801,829
 "45000","South Carolina",5,SAEXP2,18,"...","   Recreation services","Dollars",751,762,793,794,761,761,798,849,868,895,937,981,960,986,995,1039,1074,1098,1162,1204,1258,1293,1321
 "45000","South Carolina",5,SAEXP2,19,"...","   Food services and accommodations","Dollars",1305,1342,1410,1474,1475,1526,1623,1729,1829,1924,1993,2013,1966,2034,2112,2205,2282,2367,2527,2671,2739,2812,2907
 "45000","South Carolina",5,SAEXP2,20,"...","   Financial services and insurance","Dollars",939,999,1088,1231,1174,1181,1223,1336,1439,1533,1654,1728,1635,1716,1791,1838,1922,2007,2064,2079,2216,2366,2490
 "45000","South Carolina",5,SAEXP2,21,"...","   Other services","Dollars",1301,1416,1402,1476,1611,1686,1781,1838,1894,2001,2100,2123,2119,2152,2161,2132,2126,2187,2281,2392,2487,2583,2671
 "45000","South Carolina",5,SAEXP2,22,"...","  Final consumption expenditures of nonprofit institutions serving households (NPISHs)","Dollars",212,270,258,297,396,454,433,392,365,439,463,537,495,457,487,552,608,645,601,634,660,695,697
 "45000","South Carolina",5,SAEXP2,23,"...","   Gross output of nonprofit institutions","Dollars",1593,1769,1759,1846,2091,2298,2340,2398,2485,2675,2821,2866,2844,2844,2823,2841,2919,3048,3240,3477,3613,3646,3529
 "45000","South Carolina",5,SAEXP2,24,"...","   Less: Receipts from sales of goods and services by nonprofit institutions","Dollars",1381,1499,1501,1549,1695,1844,1907,2006,2121,2235,2358,2329,2349,2387,2336,2289,2311,2403,2639,2843,2953,2951,2832
 "46000","South Dakota",4,SAEXP2,1,"...","Per capita personal consumption expenditures","Dollars",18168,19032,20136,21157,22073,23083,24445,26061,27847,29282,30770,31880,31695,33134,34662,35887,37103,38288,39759,41006,42676,44706,46117
 "46000","South Dakota",4,SAEXP2,2,"..."," Goods","Dollars",6987,7120,7606,8035,8303,8580,9063,9709,10415,10957,11562,11773,11174,11774,12446,12786,13043,13412,13330,13339,13584,13998,14041
 "46000","South Dakota",4,SAEXP2,3,"...","  Durable goods","Dollars",2640,2758,2988,3101,3220,3344,3476,3688,3844,3979,4292,4134,4002,4220,4297,4467,4676,4908,5191,5268,5351,5525,5586
 "46000","South Dakota",4,SAEXP2,4,"...","   Motor vehicles and parts","Dollars",1246,1299,1390,1437,1522,1582,1622,1643,1593,1549,1671,1489,1465,1642,1669,1745,1830,1989,2104,2120,2185,2238,2224
 "46000","South Dakota",4,SAEXP2,5,"...","   Furnishings and durable household equipment","Dollars",525,536,593,623,645,671,698,728,796,839,873,851,800,817,838,883,916,937,984,998,1006,1058,1099
 "46000","South Dakota",4,SAEXP2,6,"...","   Recreational goods and vehicles","Dollars",540,566,617,633,641,657,694,816,912,1004,1105,1112,1042,1044,1062,1100,1185,1217,1312,1357,1377,1421,1463
 "46000","South Dakota",4,SAEXP2,7,"...","   Other durable goods","Dollars",330,357,387,409,412,434,463,501,544,587,643,681,695,717,728,740,744,764,790,793,783,808,799
 "46000","South Dakota",4,SAEXP2,8,"...","  Nondurable goods","Dollars",4347,4362,4619,4934,5084,5236,5588,6021,6570,6978,7270,7639,7172,7553,8149,8319,8367,8504,8139,8071,8234,8472,8455
 "46000","South Dakota",4,SAEXP2,9,"...","   Food and beverages purchased for off-premises consumption","Dollars",1605,1634,1670,1728,1825,1871,1943,2071,2177,2244,2315,2400,2459,2487,2600,2635,2631,2700,2755,2775,2744,2766,2756
 "46000","South Dakota",4,SAEXP2,10,"...","   Clothing and footwear","Dollars",746,748,761,759,743,748,770,771,825,835,835,841,848,868,887,912,915,946,976,1000,999,1035,1039
 "46000","South Dakota",4,SAEXP2,11,"...","   Gasoline and other energy goods","Dollars",735,662,751,951,927,920,1107,1320,1589,1798,1923,2170,1587,1849,2218,2252,2249,2183,1680,1480,1620,1749,1636
 "46000","South Dakota",4,SAEXP2,12,"...","   Other nondurable goods","Dollars",1262,1319,1436,1495,1589,1696,1768,1859,1979,2101,2198,2228,2278,2349,2443,2520,2571,2675,2728,2817,2870,2922,3024
 "46000","South Dakota",4,SAEXP2,13,"..."," Services","Dollars",11181,11912,12530,13122,13770,14503,15382,16353,17432,18325,19208,20107,20521,21360,22215,23101,24061,24877,26429,27667,29091,30709,32076
 "46000","South Dakota",4,SAEXP2,14,"...","  Household consumption expenditures (for services)","Dollars",10749,11309,11917,12479,13046,13722,14562,15493,16596,17448,18380,19165,19499,20283,21060,21842,22729,23538,24965,26077,27366,28910,30206
 "46000","South Dakota",4,SAEXP2,15,"...","   Housing and utilities","Dollars",2686,2805,2945,3143,3354,3449,3567,3748,4011,4176,4357,4418,4395,4446,4587,4921,5127,5170,5533,5825,5981,6225,6550
 "46000","South Dakota",4,SAEXP2,16,"...","   Health care","Dollars",2818,2967,3171,3322,3613,3975,4292,4558,5006,5261,5534,5955,6328,6604,6857,7014,7426,7721,8192,8445,8945,9482,10083
 "46000","South Dakota",4,SAEXP2,17,"...","   Transportation services","Dollars",509,538,575,584,603,593,621,668,695,714,743,769,752,771,810,826,865,898,939,980,1018,1054,1070
 "46000","South Dakota",4,SAEXP2,18,"...","   Recreation services","Dollars",721,743,755,744,750,780,847,908,961,1021,1114,1145,1183,1244,1236,1281,1327,1360,1420,1451,1462,1514,1545
 "46000","South Dakota",4,SAEXP2,19,"...","   Food services and accommodations","Dollars",1196,1237,1335,1412,1424,1534,1612,1710,1789,1908,1984,2058,2074,2124,2170,2223,2299,2379,2536,2606,2599,2663,2688
 "46000","South Dakota",4,SAEXP2,20,"...","   Financial services and insurance","Dollars",1321,1435,1575,1768,1712,1756,1857,2039,2238,2371,2567,2732,2653,2958,3273,3470,3660,3962,4258,4619,5156,5651,5840
 "46000","South Dakota",4,SAEXP2,21,"...","   Other services","Dollars",1498,1584,1562,1506,1591,1635,1765,1863,1896,1995,2081,2088,2113,2136,2126,2107,2025,2048,2086,2151,2205,2320,2430
 "46000","South Dakota",4,SAEXP2,22,"...","  Final consumption expenditures of nonprofit institutions serving households (NPISHs)","Dollars",431,603,613,643,724,782,820,859,837,877,827,942,1023,1077,1156,1259,1331,1338,1465,1590,1726,1799,1870
 "46000","South Dakota",4,SAEXP2,23,"...","   Gross output of nonprofit institutions","Dollars",1663,1917,1922,1965,2127,2299,2417,2573,2638,2723,2768,2961,3176,3339,3495,3730,3822,3940,4319,4698,5163,5408,5766
 "46000","South Dakota",4,SAEXP2,24,"...","   Less: Receipts from sales of goods and services by nonprofit institutions","Dollars",1232,1314,1309,1322,1402,1517,1597,1713,1801,1845,1940,2019,2153,2262,2339,2471,2491,2602,2854,3108,3437,3609,3896
 "47000","Tennessee",5,SAEXP2,1,"...","Per capita personal consumption expenditures","Dollars",18598,19393,20493,21617,22103,22779,23658,24800,25919,27115,27860,28064,27389,28309,29344,29995,30346,31465,32473,33669,34985,36485,37582
 "47000","Tennessee",5,SAEXP2,2,"..."," Goods","Dollars",7595,7932,8528,8910,8854,8899,9180,9666,10061,10410,10772,10661,9994,10465,11046,11250,11289,11527,11554,11740,12088,12550,12867
 "47000","Tennessee",5,SAEXP2,3,"...","  Durable goods","Dollars",2805,3011,3241,3310,3303,3336,3387,3524,3605,3638,3689,3315,2977,3146,3245,3352,3432,3579,3757,3900,4046,4193,4289
 "47000","Tennessee",5,SAEXP2,4,"...","   Motor vehicles and parts","Dollars",1298,1383,1488,1473,1482,1523,1484,1469,1451,1372,1391,1122,999,1131,1198,1282,1302,1387,1506,1548,1576,1625,1595
 "47000","Tennessee",5,SAEXP2,5,"...","   Furnishings and durable household equipment","Dollars",616,655,697,733,723,726,747,795,835,858,860,782,701,725,734,745,772,797,840,892,940,983,1018
 "47000","Tennessee",5,SAEXP2,6,"...","   Recreational goods and vehicles","Dollars",631,689,748,770,775,767,814,890,935,1001,998,981,867,859,859,860,894,914,915,958,1018,1059,1140
 "47000","Tennessee",5,SAEXP2,7,"...","   Other durable goods","Dollars",260,285,307,334,323,321,342,369,384,406,441,429,410,431,454,465,464,481,496,503,512,526,537
 "47000","Tennessee",5,SAEXP2,8,"...","  Nondurable goods","Dollars",4790,4921,5288,5600,5551,5562,5793,6143,6456,6772,7083,7347,7017,7319,7801,7898,7857,7948,7797,7840,8043,8357,8577
 "47000","Tennessee",5,SAEXP2,9,"...","   Food and beverages purchased for off-premises consumption","Dollars",1708,1756,1851,1894,1874,1846,1885,1952,2038,2134,2283,2392,2478,2527,2654,2677,2668,2669,2666,2662,2653,2705,2755
 "47000","Tennessee",5,SAEXP2,10,"...","   Clothing and footwear","Dollars",912,955,971,979,963,933,912,940,965,976,986,938,877,915,947,967,964,980,1008,1027,1044,1074,1082
 "47000","Tennessee",5,SAEXP2,11,"...","   Gasoline and other energy goods","Dollars",605,535,603,756,643,590,660,788,945,1048,1135,1305,908,1052,1299,1331,1271,1248,939,842,957,1094,1079
 "47000","Tennessee",5,SAEXP2,12,"...","   Other nondurable goods","Dollars",1565,1675,1863,1970,2071,2193,2337,2463,2508,2613,2680,2712,2755,2823,2900,2924,2954,3051,3184,3309,3389,3484,3662
 "47000","Tennessee",5,SAEXP2,13,"..."," Services","Dollars",11003,11461,11965,12707,13250,13880,14479,15134,15858,16704,17088,17403,17396,17845,18298,18745,19057,19938,20919,21930,22896,23934,24716
 "47000","Tennessee",5,SAEXP2,14,"...","  Household consumption expenditures (for services)","Dollars",10846,11280,11750,12416,12948,13502,14143,14813,15579,16330,16746,16962,16956,17415,17829,18231,18515,19375,20377,21354,22299,23322,24118
 "47000","Tennessee",5,SAEXP2,15,"...","   Housing and utilities","Dollars",3098,3261,3397,3582,3808,3923,4055,4215,4483,4673,4791,4937,4968,5040,5137,5170,5260,5454,5652,5908,6100,6396,6665
 "47000","Tennessee",5,SAEXP2,16,"...","   Health care","Dollars",3040,3061,3094,3250,3500,3735,3937,4208,4409,4664,4781,4850,5003,5140,5218,5415,5460,5659,5965,6154,6302,6456,6584
 "47000","Tennessee",5,SAEXP2,17,"...","   Transportation services","Dollars",488,505,537,564,540,510,532,549,573,593,588,586,548,561,590,599,605,639,688,736,765,789,828
 "47000","Tennessee",5,SAEXP2,18,"...","   Recreation services","Dollars",647,642,650,678,696,744,801,832,849,927,939,957,938,975,982,1023,1044,1106,1165,1238,1328,1399,1405
 "47000","Tennessee",5,SAEXP2,19,"...","   Food services and accommodations","Dollars",1277,1300,1361,1386,1392,1442,1520,1594,1692,1761,1834,1827,1812,1890,1969,2066,2083,2213,2358,2511,2627,2787,2871
 "47000","Tennessee",5,SAEXP2,20,"...","   Financial services and insurance","Dollars",1059,1188,1331,1479,1435,1507,1585,1682,1780,1821,1857,1843,1716,1825,1934,1969,2052,2201,2311,2438,2686,2910,3047
 "47000","Tennessee",5,SAEXP2,21,"...","   Other services","Dollars",1237,1324,1381,1478,1577,1642,1711,1733,1792,1891,1955,1962,1971,1984,1999,1988,2010,2104,2239,2369,2491,2583,2717
 "47000","Tennessee",5,SAEXP2,22,"...","  Final consumption expenditures of nonprofit institutions serving households (NPISHs)","Dollars",157,181,214,291,302,378,336,321,279,375,341,441,440,430,469,514,542,563,542,576,597,613,598
 "47000","Tennessee",5,SAEXP2,23,"...","   Gross output of nonprofit institutions","Dollars",1281,1377,1464,1629,1715,1926,1946,2041,2113,2317,2379,2505,2592,2678,2785,2895,2972,3013,3223,3317,3463,3541,3597
 "47000","Tennessee",5,SAEXP2,24,"...","   Less: Receipts from sales of goods and services by nonprofit institutions","Dollars",1124,1196,1250,1339,1413,1548,1610,1721,1834,1942,2037,2065,2153,2248,2316,2381,2430,2450,2681,2741,2866,2928,3000
 "48000","Texas",6,SAEXP2,1,"...","Per capita personal consumption expenditures","Dollars",19327,20253,21258,22675,23461,23828,24511,25537,27059,28172,29162,29776,29185,29955,31370,32461,33237,34597,35568,36389,37664,39344,40552
 "48000","Texas",6,SAEXP2,2,"..."," Goods","Dollars",7211,7515,8034,8548,8724,8725,8928,9377,10133,10528,11001,10901,10217,10567,11287,11770,11996,12392,12404,12431,12810,13326,13509
 "48000","Texas",6,SAEXP2,3,"...","  Durable goods","Dollars",2691,2943,3197,3391,3461,3511,3479,3613,3775,3882,4028,3719,3365,3447,3612,3836,3954,4119,4320,4369,4497,4691,4778
 "48000","Texas",6,SAEXP2,4,"...","   Motor vehicles and parts","Dollars",1259,1390,1514,1600,1695,1697,1635,1617,1613,1580,1644,1417,1275,1362,1446,1632,1695,1791,1884,1858,1897,1957,1924
 "48000","Texas",6,SAEXP2,5,"...","   Furnishings and durable household equipment","Dollars",557,595,659,707,706,729,718,757,813,854,884,844,770,767,788,798,829,873,935,973,991,1044,1071
 "48000","Texas",6,SAEXP2,6,"...","   Recreational goods and vehicles","Dollars",561,622,666,702,697,712,736,822,907,963,989,957,840,822,838,850,878,891,904,940,1000,1060,1147
 "48000","Texas",6,SAEXP2,7,"...","   Other durable goods","Dollars",315,336,358,382,363,372,390,416,442,485,510,501,480,496,540,556,552,565,597,598,609,630,636
 "48000","Texas",6,SAEXP2,8,"...","  Nondurable goods","Dollars",4519,4572,4837,5157,5263,5215,5449,5765,6357,6646,6973,7182,6852,7121,7674,7934,8042,8273,8084,8063,8313,8635,8730
 "48000","Texas",6,SAEXP2,9,"...","   Food and beverages purchased for off-premises consumption","Dollars",1652,1666,1746,1804,1867,1852,1911,2013,2121,2197,2278,2363,2360,2389,2501,2596,2629,2727,2759,2763,2821,2888,2923
 "48000","Texas",6,SAEXP2,10,"...","   Clothing and footwear","Dollars",913,940,967,1000,978,962,976,981,1046,1105,1118,1081,1054,1077,1146,1186,1187,1194,1206,1224,1220,1259,1258
 "48000","Texas",6,SAEXP2,11,"...","   Gasoline and other energy goods","Dollars",556,489,528,666,657,606,694,826,1103,1075,1184,1299,966,1133,1425,1475,1473,1441,1055,916,1005,1133,1092
 "48000","Texas",6,SAEXP2,12,"...","   Other nondurable goods","Dollars",1399,1476,1595,1687,1760,1795,1868,1944,2087,2269,2393,2439,2472,2521,2602,2677,2751,2910,3065,3160,3267,3354,3457
 "48000","Texas",6,SAEXP2,13,"..."," Services","Dollars",12116,12738,13225,14128,14737,15102,15583,16160,16927,17645,18161,18876,18968,19387,20083,20691,21241,22206,23164,23957,24854,26018,27043
 "48000","Texas",6,SAEXP2,14,"...","  Household consumption expenditures (for services)","Dollars",11860,12429,12873,13713,14263,14576,15015,15595,16403,17085,17627,18238,18314,18739,19410,19941,20477,21422,22399,23144,24022,25158,26198
 "48000","Texas",6,SAEXP2,15,"...","   Housing and utilities","Dollars",3433,3558,3652,3860,4098,4146,4298,4491,4780,5015,5023,5142,5092,5050,5137,5157,5298,5520,5783,5995,6262,6624,6885
 "48000","Texas",6,SAEXP2,16,"...","   Health care","Dollars",2576,2703,2755,2894,3167,3445,3579,3744,3951,4063,4249,4461,4680,4798,4915,5080,5089,5288,5621,5838,5928,6059,6279
 "48000","Texas",6,SAEXP2,17,"...","   Transportation services","Dollars",675,726,772,838,814,765,750,750,768,792,809,838,793,810,887,928,984,1046,1036,1060,1105,1181,1210
 "48000","Texas",6,SAEXP2,18,"...","   Recreation services","Dollars",676,728,794,862,895,928,945,980,1003,1059,1117,1160,1176,1227,1252,1323,1373,1422,1473,1532,1586,1645,1696
 "48000","Texas",6,SAEXP2,19,"...","   Food services and accommodations","Dollars",1218,1275,1333,1429,1449,1464,1525,1615,1719,1825,1895,1962,1969,2019,2132,2240,2338,2468,2612,2669,2771,2896,2993
 "48000","Texas",6,SAEXP2,20,"...","   Financial services and insurance","Dollars",1840,1841,1880,1987,1876,1823,1848,1902,2028,2077,2183,2263,2189,2415,2593,2670,2808,2983,3107,3202,3424,3669,3880
 "48000","Texas",6,SAEXP2,21,"...","   Other services","Dollars",1441,1598,1687,1842,1964,2006,2071,2113,2154,2254,2351,2411,2416,2419,2494,2544,2587,2694,2769,2848,2946,3083,3256
 "48000","Texas",6,SAEXP2,22,"...","  Final consumption expenditures of nonprofit institutions serving households (NPISHs)","Dollars",256,309,351,415,474,527,568,564,524,560,534,638,654,649,674,750,763,784,765,814,832,860,845
 "48000","Texas",6,SAEXP2,23,"...","   Gross output of nonprofit institutions","Dollars",1435,1553,1631,1757,1895,2050,2208,2315,2418,2513,2563,2692,2785,2847,2902,3015,3062,3193,3304,3460,3534,3631,3741
 "48000","Texas",6,SAEXP2,24,"...","   Less: Receipts from sales of goods and services by nonprofit institutions","Dollars",1179,1244,1280,1342,1422,1524,1640,1751,1894,1954,2028,2054,2131,2198,2228,2265,2299,2409,2540,2646,2703,2770,2896
 "49000","Utah",7,SAEXP2,1,"...","Per capita personal consumption expenditures","Dollars",18017,18795,19679,20696,21238,21908,22619,24099,25666,27273,28440,28764,27648,28012,28848,29790,30550,31876,33148,34529,36044,38010,39514
 "49000","Utah",7,SAEXP2,2,"..."," Goods","Dollars",7186,7462,8003,8129,8070,8240,8508,9214,9842,10523,11145,10878,9834,9922,10183,10585,10861,11286,11528,11887,12486,13310,13707
 "49000","Utah",7,SAEXP2,3,"...","  Durable goods","Dollars",2814,2928,3119,3179,3136,3268,3284,3582,3892,4075,4362,3896,3378,3365,3416,3601,3825,4032,4330,4589,4901,5216,5460
 "49000","Utah",7,SAEXP2,4,"...","   Motor vehicles and parts","Dollars",1081,1126,1145,1171,1182,1253,1202,1252,1295,1314,1404,1211,1064,1078,1129,1226,1313,1360,1467,1502,1592,1682,1676
 "49000","Utah",7,SAEXP2,5,"...","   Furnishings and durable household equipment","Dollars",697,724,762,784,772,789,800,886,948,1039,1123,997,844,822,799,832,877,924,1002,1069,1121,1210,1286
 "49000","Utah",7,SAEXP2,6,"...","   Recreational goods and vehicles","Dollars",727,757,878,880,848,881,916,1050,1221,1238,1307,1181,988,973,980,1016,1100,1198,1271,1413,1563,1673,1839
 "49000","Utah",7,SAEXP2,7,"...","   Other durable goods","Dollars",310,322,334,344,333,344,366,393,427,484,528,507,482,492,509,526,536,550,589,606,624,650,659
 "49000","Utah",7,SAEXP2,8,"...","  Nondurable goods","Dollars",4372,4533,4883,4950,4935,4973,5224,5632,5950,6448,6783,6982,6456,6557,6767,6984,7036,7255,7198,7297,7586,8094,8246
 "49000","Utah",7,SAEXP2,9,"...","   Food and beverages purchased for off-premises consumption","Dollars",1671,1811,1899,1843,1787,1773,1846,2000,2079,2217,2369,2472,2419,2404,2400,2396,2391,2505,2543,2585,2629,2708,2762
 "49000","Utah",7,SAEXP2,10,"...","   Clothing and footwear","Dollars",807,811,837,825,816,820,844,869,899,955,978,944,920,897,916,965,973,963,981,1002,1018,1082,1100
 "49000","Utah",7,SAEXP2,11,"...","   Gasoline and other energy goods","Dollars",560,512,581,740,686,615,686,819,964,1115,1197,1323,913,1024,1248,1333,1309,1266,975,869,978,1106,1078
 "49000","Utah",7,SAEXP2,12,"...","   Other nondurable goods","Dollars",1334,1399,1567,1542,1645,1764,1848,1944,2008,2161,2239,2244,2204,2232,2203,2290,2363,2522,2698,2841,2961,3198,3307
 "49000","Utah",7,SAEXP2,13,"..."," Services","Dollars",10831,11333,11677,12568,13168,13667,14111,14885,15824,16749,17295,17886,17814,18090,18664,19205,19689,20589,21620,22642,23557,24700,25808
 "49000","Utah",7,SAEXP2,14,"...","  Household consumption expenditures (for services)","Dollars",10509,10970,11284,12123,12669,13120,13589,14388,15331,16175,16699,17232,17180,17477,18042,18513,18979,19855,20917,21930,22823,23951,25089
 "49000","Utah",7,SAEXP2,15,"...","   Housing and utilities","Dollars",3580,3732,3879,4068,4333,4411,4517,4762,5024,5210,5269,5342,5370,5339,5484,5584,5736,5907,6192,6373,6532,6738,6969
 "49000","Utah",7,SAEXP2,16,"...","   Health care","Dollars",2055,2097,2076,2260,2446,2683,2836,3100,3329,3514,3630,3826,3952,4000,4116,4258,4328,4547,4660,4877,4999,5122,5259
 "49000","Utah",7,SAEXP2,17,"...","   Transportation services","Dollars",734,777,805,833,800,772,815,801,863,889,925,938,868,854,907,931,986,1024,1041,1096,1126,1182,1224
 "49000","Utah",7,SAEXP2,18,"...","   Recreation services","Dollars",745,787,836,921,978,1026,1002,1036,1085,1155,1145,1145,1143,1219,1249,1360,1439,1470,1582,1744,1831,1943,2044
 "49000","Utah",7,SAEXP2,19,"...","   Food services and accommodations","Dollars",1117,1147,1176,1254,1279,1325,1333,1387,1460,1564,1631,1693,1611,1638,1709,1797,1878,2010,2184,2284,2351,2470,2564
 "49000","Utah",7,SAEXP2,20,"...","   Financial services and insurance","Dollars",1079,1157,1248,1392,1393,1464,1573,1712,1884,1993,2195,2337,2274,2423,2538,2545,2604,2792,3035,3240,3578,3914,4253
 "49000","Utah",7,SAEXP2,21,"...","   Other services","Dollars",1199,1272,1263,1395,1440,1439,1512,1589,1688,1850,1904,1951,1963,2004,2039,2038,2008,2105,2224,2315,2405,2582,2776
 "49000","Utah",7,SAEXP2,22,"...","  Final consumption expenditures of nonprofit institutions serving households (NPISHs)","Dollars",323,364,393,445,498,547,522,497,493,574,596,654,634,613,623,691,710,735,703,712,735,750,718
 "49000","Utah",7,SAEXP2,23,"...","   Gross output of nonprofit institutions","Dollars",1585,1612,1654,1765,1899,2051,1985,1993,2059,2263,2383,2528,2628,2712,2813,3006,3067,3218,3249,3475,3507,3590,3806
 "49000","Utah",7,SAEXP2,24,"...","   Less: Receipts from sales of goods and services by nonprofit institutions","Dollars",1262,1248,1261,1320,1400,1504,1463,1496,1566,1689,1787,1874,1994,2099,2191,2315,2357,2483,2546,2763,2772,2840,3088
 "50000","Vermont",1,SAEXP2,1,"...","Per capita personal consumption expenditures","Dollars",21394,22495,23795,25269,26736,27930,29314,31026,32926,34343,35454,36821,36763,37954,39668,40790,42131,43557,44496,45547,46682,48474,49377
 "50000","Vermont",1,SAEXP2,2,"..."," Goods","Dollars",7685,7879,8437,8989,9536,10012,10327,11083,11815,12092,12405,12861,12348,12802,13521,13755,14043,14355,14103,14129,14481,15165,15422
 "50000","Vermont",1,SAEXP2,3,"...","  Durable goods","Dollars",2439,2629,2865,3036,3257,3513,3607,3881,3946,3831,3911,3732,3596,3663,3779,3889,4043,4174,4282,4458,4612,4784,4896
 "50000","Vermont",1,SAEXP2,4,"...","   Motor vehicles and parts","Dollars",1150,1259,1352,1397,1498,1599,1668,1748,1681,1542,1553,1387,1333,1434,1517,1578,1668,1757,1851,1920,2037,2125,2121
 "50000","Vermont",1,SAEXP2,5,"...","   Furnishings and durable household equipment","Dollars",478,509,566,641,706,773,797,898,928,919,927,906,829,810,818,844,867,881,894,943,975,1018,1049
 "50000","Vermont",1,SAEXP2,6,"...","   Recreational goods and vehicles","Dollars",568,609,679,712,772,848,832,903,976,980,1021,1030,1029,1007,1021,1041,1068,1085,1073,1130,1147,1183,1264
 "50000","Vermont",1,SAEXP2,7,"...","   Other durable goods","Dollars",244,252,268,287,282,294,311,331,362,390,410,408,406,413,423,426,440,451,464,464,453,459,462
 "50000","Vermont",1,SAEXP2,8,"...","  Nondurable goods","Dollars",5245,5250,5572,5953,6279,6499,6720,7202,7869,8260,8494,9129,8751,9139,9743,9866,10000,10181,9821,9671,9870,10381,10526
 "50000","Vermont",1,SAEXP2,9,"...","   Food and beverages purchased for off-premises consumption","Dollars",2080,2109,2217,2244,2427,2547,2529,2644,2827,2962,3115,3333,3454,3542,3662,3781,3808,3895,3922,3892,3932,4129,4206
 "50000","Vermont",1,SAEXP2,10,"...","   Clothing and footwear","Dollars",852,838,848,881,867,849,849,859,894,907,876,842,800,805,808,811,822,827,838,845,849,856,862
 "50000","Vermont",1,SAEXP2,11,"...","   Gasoline and other energy goods","Dollars",810,705,763,988,1027,997,1181,1430,1690,1850,1922,2280,1750,1966,2316,2237,2199,2134,1588,1374,1511,1732,1603
 "50000","Vermont",1,SAEXP2,12,"...","   Other nondurable goods","Dollars",1503,1598,1744,1839,1958,2106,2161,2270,2458,2542,2581,2675,2747,2827,2956,3036,3171,3325,3474,3560,3578,3665,3855
 "50000","Vermont",1,SAEXP2,13,"..."," Services","Dollars",13709,14615,15358,16280,17200,17918,18987,19944,21111,22251,23050,23961,24415,25153,26147,27035,28088,29202,30393,31418,32201,33309,33955
 "50000","Vermont",1,SAEXP2,14,"...","  Household consumption expenditures (for services)","Dollars",12955,13658,14339,15150,15928,16686,17708,18640,19714,20655,21473,22184,22507,23137,23926,24636,25586,26600,27741,28611,29317,30325,30936
 "50000","Vermont",1,SAEXP2,15,"...","   Housing and utilities","Dollars",3693,3878,4091,4305,4572,4733,4886,5140,5500,5819,6123,6375,6487,6586,6821,7134,7353,7673,7977,8259,8486,8781,9018
 "50000","Vermont",1,SAEXP2,16,"...","   Health care","Dollars",2755,2921,3163,3395,3783,4151,4583,4839,5160,5450,5760,5993,6312,6591,6863,7171,7502,7741,8017,8381,8507,8853,9012
 "50000","Vermont",1,SAEXP2,17,"...","   Transportation services","Dollars",518,555,604,641,686,700,757,805,840,851,855,862,830,834,884,897,923,967,1002,1025,1035,1072,1087
 "50000","Vermont",1,SAEXP2,18,"...","   Recreation services","Dollars",1152,1164,1201,1195,1194,1231,1286,1357,1410,1459,1510,1517,1548,1514,1499,1515,1601,1636,1709,1760,1826,1856,1885
 "50000","Vermont",1,SAEXP2,19,"...","   Food services and accommodations","Dollars",1476,1517,1567,1665,1698,1773,1861,1993,2069,2147,2196,2246,2229,2318,2424,2522,2700,2833,3005,3071,3181,3252,3318
 "50000","Vermont",1,SAEXP2,20,"...","   Financial services and insurance","Dollars",1314,1456,1593,1774,1717,1726,1788,1934,2049,2103,2176,2227,2048,2121,2230,2270,2404,2561,2702,2711,2803,2894,2932
 "50000","Vermont",1,SAEXP2,21,"...","   Other services","Dollars",2048,2167,2120,2176,2277,2371,2547,2572,2686,2827,2852,2962,3053,3174,3205,3127,3104,3189,3329,3405,3478,3618,3684
 "50000","Vermont",1,SAEXP2,22,"...","  Final consumption expenditures of nonprofit institutions serving households (NPISHs)","Dollars",753,958,1019,1130,1272,1232,1279,1303,1397,1596,1577,1777,1908,2015,2221,2399,2503,2602,2652,2807,2884,2984,3019
 "50000","Vermont",1,SAEXP2,23,"...","   Gross output of nonprofit institutions","Dollars",2463,2765,2853,3020,3273,3276,3365,3497,3786,4137,4170,4433,4703,4952,5204,5488,5688,5908,6073,6391,6499,6779,6998
 "50000","Vermont",1,SAEXP2,24,"...","   Less: Receipts from sales of goods and services by nonprofit institutions","Dollars",1710,1807,1834,1890,2001,2044,2086,2194,2389,2541,2594,2656,2795,2937,2983,3089,3185,3306,3421,3584,3615,3795,3979
 "51000","Virginia",5,SAEXP2,1,"...","Per capita personal consumption expenditures","Dollars",20031,21306,22839,24501,25382,26242,27647,29549,31559,33181,34527,35512,35089,35919,37034,38011,38624,39785,40906,42202,43578,45235,46539
 "51000","Virginia",5,SAEXP2,2,"..."," Goods","Dollars",7603,7950,8657,9198,9343,9577,10001,10681,11262,11694,11890,11826,11086,11456,11961,12200,12281,12353,12380,12440,12865,13339,13722
 "51000","Virginia",5,SAEXP2,3,"...","  Durable goods","Dollars",2662,2904,3209,3398,3471,3607,3757,4036,4179,4213,4222,3898,3586,3663,3751,3862,3946,4002,4148,4201,4306,4495,4668
 "51000","Virginia",5,SAEXP2,4,"...","   Motor vehicles and parts","Dollars",1088,1180,1277,1345,1414,1484,1511,1591,1576,1485,1493,1274,1180,1260,1288,1366,1398,1442,1530,1563,1587,1641,1642
 "51000","Virginia",5,SAEXP2,5,"...","   Furnishings and durable household equipment","Dollars",641,689,767,799,831,900,937,1018,1072,1079,1045,959,858,855,876,890,911,927,977,1002,1037,1076,1106
 "51000","Virginia",5,SAEXP2,6,"...","   Recreational goods and vehicles","Dollars",592,670,765,839,822,802,854,934,1009,1077,1084,1076,980,962,974,983,1011,998,985,985,1035,1108,1234
 "51000","Virginia",5,SAEXP2,7,"...","   Other durable goods","Dollars",341,364,400,415,404,421,454,494,522,572,600,590,568,586,613,625,626,636,655,651,647,670,686
 "51000","Virginia",5,SAEXP2,8,"...","  Nondurable goods","Dollars",4941,5047,5448,5800,5872,5970,6244,6644,7083,7481,7669,7928,7500,7793,8210,8337,8335,8350,8233,8239,8559,8844,9054
 "51000","Virginia",5,SAEXP2,9,"...","   Food and beverages purchased for off-premises consumption","Dollars",1766,1793,1889,1976,2021,2075,2125,2211,2326,2430,2516,2616,2609,2653,2736,2811,2797,2836,2890,2950,3068,3125,3191
 "51000","Virginia",5,SAEXP2,10,"...","   Clothing and footwear","Dollars",974,1007,1076,1065,1052,1054,1081,1133,1161,1190,1172,1140,1084,1115,1132,1152,1148,1151,1155,1156,1147,1169,1179
 "51000","Virginia",5,SAEXP2,11,"...","   Gasoline and other energy goods","Dollars",598,541,601,754,730,689,808,939,1144,1267,1337,1498,1086,1260,1488,1482,1434,1353,1012,879,982,1095,1042
 "51000","Virginia",5,SAEXP2,12,"...","   Other nondurable goods","Dollars",1603,1705,1882,2005,2069,2152,2230,2361,2453,2593,2643,2674,2720,2765,2854,2892,2956,3011,3175,3254,3361,3454,3642
 "51000","Virginia",5,SAEXP2,13,"..."," Services","Dollars",12429,13355,14182,15303,16039,16665,17646,18868,20297,21487,22637,23686,24003,24463,25073,25812,26343,27432,28525,29762,30712,31896,32816
 "51000","Virginia",5,SAEXP2,14,"...","  Household consumption expenditures (for services)","Dollars",12277,13143,13948,15045,15742,16313,17266,18503,19924,21031,22169,23039,23359,23795,24374,25015,25546,26579,27752,28901,29884,30978,31967
 "51000","Virginia",5,SAEXP2,15,"...","   Housing and utilities","Dollars",3927,4091,4271,4496,4745,4891,5057,5297,5651,5915,6190,6451,6689,6778,6942,7135,7387,7779,8249,8615,8937,9308,9654
 "51000","Virginia",5,SAEXP2,16,"...","   Health care","Dollars",2464,2561,2674,2826,3057,3310,3537,3796,4050,4245,4452,4701,4964,5077,5241,5435,5495,5698,5928,6238,6409,6603,6837
 "51000","Virginia",5,SAEXP2,17,"...","   Transportation services","Dollars",605,641,701,749,727,702,745,799,847,865,878,877,845,872,942,970,1000,1019,1044,1082,1123,1169,1195
 "51000","Virginia",5,SAEXP2,18,"...","   Recreation services","Dollars",611,710,774,849,903,864,921,1016,1102,1181,1252,1277,1295,1331,1320,1363,1374,1389,1411,1462,1470,1517,1549
 "51000","Virginia",5,SAEXP2,19,"...","   Food services and accommodations","Dollars",1308,1344,1414,1520,1555,1601,1712,1853,1984,2103,2180,2232,2194,2249,2327,2402,2471,2549,2708,2798,2857,2947,3010
 "51000","Virginia",5,SAEXP2,20,"...","   Financial services and insurance","Dollars",1277,1377,1519,1708,1703,1823,1987,2226,2554,2831,3125,3343,3305,3415,3535,3650,3740,3853,3982,4126,4367,4588,4665
 "51000","Virginia",5,SAEXP2,21,"...","   Other services","Dollars",2084,2420,2597,2896,3053,3120,3307,3515,3736,3892,4092,4159,4067,4072,4067,4060,4079,4292,4431,4580,4721,4848,5057
 "51000","Virginia",5,SAEXP2,22,"...","  Final consumption expenditures of nonprofit institutions serving households (NPISHs)","Dollars",152,212,234,258,297,352,380,365,373,456,468,647,644,668,699,797,797,853,773,861,828,918,849
 "51000","Virginia",5,SAEXP2,23,"...","   Gross output of nonprofit institutions","Dollars",1576,1745,1802,1877,2018,2213,2390,2522,2679,2845,2984,3246,3358,3468,3569,3741,3808,3923,3997,4252,4344,4539,4626
 "51000","Virginia",5,SAEXP2,24,"...","   Less: Receipts from sales of goods and services by nonprofit institutions","Dollars",1424,1532,1568,1620,1721,1861,2010,2157,2306,2389,2516,2599,2714,2800,2870,2944,3011,3069,3224,3391,3516,3622,3777
 "53000","Washington",8,SAEXP2,1,"...","Per capita personal consumption expenditures","Dollars",21085,22925,24373,26015,26399,27055,28271,29900,31495,33051,34578,35221,34362,34927,36145,37359,38297,39627,41083,42449,44278,46382,48274
 "53000","Washington",8,SAEXP2,2,"..."," Goods","Dollars",7384,8069,8650,9195,9036,9136,9623,10013,10653,11233,11790,11491,10599,10841,11370,11594,11981,12240,12230,12403,12992,13767,14253
 "53000","Washington",8,SAEXP2,3,"...","  Durable goods","Dollars",2661,3110,3427,3666,3523,3610,3770,3828,4024,4190,4484,4057,3661,3692,3817,3965,4226,4405,4538,4753,5090,5519,5825
 "53000","Washington",8,SAEXP2,4,"...","   Motor vehicles and parts","Dollars",994,1148,1236,1288,1222,1270,1269,1292,1309,1249,1292,1090,1004,1035,1066,1109,1199,1247,1324,1363,1424,1459,1426
 "53000","Washington",8,SAEXP2,5,"...","   Furnishings and durable household equipment","Dollars",626,730,776,805,802,823,867,924,973,1041,1074,998,841,833,828,842,888,922,971,1033,1091,1157,1189
 "53000","Washington",8,SAEXP2,6,"...","   Recreational goods and vehicles","Dollars",756,911,1076,1220,1153,1162,1259,1208,1266,1421,1601,1479,1363,1347,1404,1487,1598,1690,1698,1800,2006,2308,2605
 "53000","Washington",8,SAEXP2,7,"...","   Other durable goods","Dollars",285,321,339,353,346,355,376,405,476,478,517,490,454,477,519,527,541,547,545,557,569,595,605
 "53000","Washington",8,SAEXP2,8,"...","  Nondurable goods","Dollars",4724,4960,5223,5529,5513,5526,5853,6184,6628,7043,7306,7434,6938,7149,7554,7630,7754,7835,7692,7651,7902,8248,8428
 "53000","Washington",8,SAEXP2,9,"...","   Food and beverages purchased for off-premises consumption","Dollars",1911,1978,2052,2157,2203,2257,2380,2515,2686,2812,2915,3007,2949,2962,3062,3108,3165,3211,3218,3207,3220,3308,3370
 "53000","Washington",8,SAEXP2,10,"...","   Clothing and footwear","Dollars",821,913,910,894,879,847,851,885,967,979,1003,932,840,918,1002,1020,1052,1046,1034,1039,1064,1113,1132
 "53000","Washington",8,SAEXP2,11,"...","   Gasoline and other energy goods","Dollars",572,516,557,715,633,575,681,782,906,995,1038,1147,815,925,1098,1086,1085,1029,791,694,807,911,861
 "53000","Washington",8,SAEXP2,12,"...","   Other nondurable goods","Dollars",1420,1553,1704,1762,1797,1848,1941,2003,2069,2256,2349,2349,2333,2343,2392,2415,2452,2548,2648,2711,2811,2916,3065
 "53000","Washington",8,SAEXP2,13,"..."," Services","Dollars",13701,14856,15723,16821,17363,17918,18648,19888,20842,21818,22789,23729,23763,24087,24774,25764,26316,27386,28852,30046,31286,32615,34021
 "53000","Washington",8,SAEXP2,14,"...","  Household consumption expenditures (for services)","Dollars",13262,14326,15151,16232,16741,17220,17912,19154,20123,20999,21960,22781,22780,23070,23655,24484,24962,25986,27348,28447,29611,30886,32276
 "53000","Washington",8,SAEXP2,15,"...","   Housing and utilities","Dollars",4446,4638,4864,5114,5456,5645,5788,6016,6368,6615,6845,7040,7159,7097,7279,7413,7572,7801,8187,8493,8869,9189,9585
 "53000","Washington",8,SAEXP2,16,"...","   Health care","Dollars",2685,2981,3184,3263,3516,3806,4066,4325,4570,4734,5090,5444,5750,5875,5995,6275,6314,6532,6860,7172,7395,7726,8129
 "53000","Washington",8,SAEXP2,17,"...","   Transportation services","Dollars",1025,1114,1161,1269,1217,1154,1165,1198,1245,1283,1359,1386,1289,1270,1339,1384,1454,1510,1582,1671,1747,1846,1930
 "53000","Washington",8,SAEXP2,18,"...","   Recreation services","Dollars",776,833,898,1040,1014,1033,1095,1273,1250,1309,1407,1466,1452,1495,1510,1625,1685,1774,1862,1976,2031,2119,2190
 "53000","Washington",8,SAEXP2,19,"...","   Food services and accommodations","Dollars",1327,1465,1502,1560,1554,1553,1646,1749,1892,2091,2084,2100,2014,2054,2138,2260,2295,2406,2590,2728,2937,3097,3195
 "53000","Washington",8,SAEXP2,20,"...","   Financial services and insurance","Dollars",1420,1535,1678,1870,1770,1774,1877,2084,2255,2356,2439,2499,2301,2447,2529,2558,2680,2850,2999,2989,3081,3145,3261
 "53000","Washington",8,SAEXP2,21,"...","   Other services","Dollars",1583,1759,1864,2115,2215,2255,2276,2508,2543,2612,2735,2846,2815,2832,2865,2969,2963,3114,3267,3419,3552,3764,3986
 "53000","Washington",8,SAEXP2,22,"...","  Final consumption expenditures of nonprofit institutions serving households (NPISHs)","Dollars",438,531,572,589,622,699,736,734,719,819,828,948,984,1017,1119,1280,1354,1400,1505,1598,1675,1729,1744
 "53000","Washington",8,SAEXP2,23,"...","   Gross output of nonprofit institutions","Dollars",1860,2003,2096,2160,2259,2452,2608,2728,2826,3018,3155,3338,3475,3583,3745,3995,4131,4263,4552,4794,5002,5232,5467
 "53000","Washington",8,SAEXP2,24,"...","   Less: Receipts from sales of goods and services by nonprofit institutions","Dollars",1422,1472,1524,1571,1637,1753,1872,1994,2107,2200,2327,2389,2491,2566,2626,2715,2777,2863,3048,3195,3328,3504,3722
 "54000","West Virginia",5,SAEXP2,1,"...","Per capita personal consumption expenditures","Dollars",15814,16588,17582,18624,19467,20377,21175,22401,23517,24602,25576,26556,26947,27903,29252,30179,30619,31439,32245,33315,34527,36051,37276
 "54000","West Virginia",5,SAEXP2,2,"..."," Goods","Dollars",6479,6691,7097,7477,7621,7892,8139,8654,8971,9396,9733,10021,9829,10315,10916,11086,11247,11410,11425,11569,11774,12162,12309
 "54000","West Virginia",5,SAEXP2,3,"...","  Durable goods","Dollars",2121,2256,2400,2502,2556,2705,2740,2903,2885,2866,2922,2824,2769,2913,3011,3135,3217,3235,3308,3360,3397,3526,3616
 "54000","West Virginia",5,SAEXP2,4,"...","   Motor vehicles and parts","Dollars",1006,1069,1136,1146,1218,1273,1269,1283,1224,1162,1185,1073,1052,1177,1239,1343,1361,1364,1400,1406,1411,1464,1478
 "54000","West Virginia",5,SAEXP2,5,"...","   Furnishings and durable household equipment","Dollars",457,470,501,532,521,566,577,618,628,632,630,622,598,602,608,614,629,647,667,693,712,743,759
 "54000","West Virginia",5,SAEXP2,6,"...","   Recreational goods and vehicles","Dollars",424,459,486,526,531,565,582,670,686,701,710,726,713,715,721,733,771,764,764,784,805,838,890
 "54000","West Virginia",5,SAEXP2,7,"...","   Other durable goods","Dollars",234,258,277,298,286,301,311,332,347,372,397,402,406,418,442,445,457,461,478,478,470,481,488
 "54000","West Virginia",5,SAEXP2,8,"...","  Nondurable goods","Dollars",4359,4435,4697,4975,5065,5188,5399,5751,6086,6530,6811,7197,7060,7402,7906,7952,8030,8175,8117,8209,8377,8636,8693
 "54000","West Virginia",5,SAEXP2,9,"...","   Food and beverages purchased for off-premises consumption","Dollars",1697,1713,1763,1809,1821,1841,1877,1972,2055,2154,2251,2399,2474,2523,2608,2626,2663,2697,2726,2806,2867,2907,2902
 "54000","West Virginia",5,SAEXP2,10,"...","   Clothing and footwear","Dollars",603,637,657,679,663,663,656,666,699,719,726,737,731,746,762,777,788,796,802,798,796,815,824
 "54000","West Virginia",5,SAEXP2,11,"...","   Gasoline and other energy goods","Dollars",568,507,563,684,673,652,735,864,1009,1126,1193,1352,1039,1242,1542,1541,1527,1459,1143,1019,1089,1204,1121
 "54000","West Virginia",5,SAEXP2,12,"...","   Other nondurable goods","Dollars",1491,1579,1714,1803,1908,2032,2131,2249,2323,2531,2641,2709,2815,2891,2994,3008,3051,3223,3446,3585,3625,3710,3847
 "54000","West Virginia",5,SAEXP2,13,"..."," Services","Dollars",9334,9897,10485,11146,11847,12484,13036,13747,14546,15206,15843,16535,17119,17588,18335,19093,19373,20030,20820,21747,22752,23889,24967
 "54000","West Virginia",5,SAEXP2,14,"...","  Household consumption expenditures (for services)","Dollars",8778,9307,9803,10409,11025,11619,12162,12830,13618,14187,14853,15425,15933,16351,17001,17663,17903,18516,19259,20081,20971,22024,23034
 "54000","West Virginia",5,SAEXP2,15,"...","   Housing and utilities","Dollars",2219,2322,2466,2615,2790,2902,3010,3192,3432,3611,3764,3888,3960,4016,4109,4232,4353,4508,4712,4960,5113,5364,5572
 "54000","West Virginia",5,SAEXP2,16,"...","   Health care","Dollars",2997,3162,3272,3449,3730,4001,4220,4516,4783,4904,5161,5377,5735,5827,5993,6359,6479,6803,7161,7585,8019,8503,9071
 "54000","West Virginia",5,SAEXP2,17,"...","   Transportation services","Dollars",267,291,323,338,355,359,363,367,380,393,415,427,428,437,456,463,464,474,478,486,498,519,539
 "54000","West Virginia",5,SAEXP2,18,"...","   Recreation services","Dollars",372,403,447,500,558,615,649,680,719,744,771,770,776,801,816,819,821,821,840,855,894,933,935
 "54000","West Virginia",5,SAEXP2,19,"...","   Food services and accommodations","Dollars",950,991,1028,1084,1106,1159,1237,1302,1399,1473,1521,1641,1709,1818,2073,2219,2189,2202,2251,2272,2290,2360,2398
 "54000","West Virginia",5,SAEXP2,20,"...","   Financial services and insurance","Dollars",873,967,1063,1178,1122,1129,1145,1213,1305,1394,1512,1598,1561,1673,1770,1783,1837,1924,2017,2116,2287,2417,2493
 "54000","West Virginia",5,SAEXP2,21,"...","   Other services","Dollars",1101,1171,1205,1244,1364,1455,1538,1559,1600,1669,1709,1723,1764,1778,1785,1787,1761,1785,1800,1807,1869,1926,2025
 "54000","West Virginia",5,SAEXP2,22,"...","  Final consumption expenditures of nonprofit institutions serving households (NPISHs)","Dollars",557,590,682,737,822,865,874,917,928,1019,990,1110,1186,1237,1334,1430,1470,1513,1561,1665,1781,1866,1933
 "54000","West Virginia",5,SAEXP2,23,"...","   Gross output of nonprofit institutions","Dollars",1584,1628,1772,1863,2013,2124,2138,2264,2359,2509,2511,2687,2869,3009,3175,3365,3457,3566,3736,3966,4212,4445,4694
 "54000","West Virginia",5,SAEXP2,24,"...","   Less: Receipts from sales of goods and services by nonprofit institutions","Dollars",1027,1038,1091,1126,1191,1258,1264,1347,1430,1490,1522,1577,1684,1773,1841,1935,1987,2053,2175,2300,2431,2580,2761
 "55000","Wisconsin",3,SAEXP2,1,"...","Per capita personal consumption expenditures","Dollars",19801,20833,22171,23478,24345,25163,26388,27790,29105,30497,31574,32485,32120,32992,34225,34767,35662,36799,37855,39075,40445,42130,43168
 "55000","Wisconsin",3,SAEXP2,2,"..."," Goods","Dollars",7346,7593,8201,8615,8683,8823,9135,9644,9998,10437,10664,10816,10283,10627,11182,11344,11647,11996,12016,12284,12708,13297,13554
 "55000","Wisconsin",3,SAEXP2,3,"...","  Durable goods","Dollars",2700,2885,3145,3221,3281,3403,3488,3630,3639,3600,3610,3458,3288,3370,3441,3503,3707,3940,4119,4297,4470,4687,4783
 "55000","Wisconsin",3,SAEXP2,4,"...","   Motor vehicles and parts","Dollars",1185,1259,1361,1365,1421,1442,1408,1384,1319,1201,1211,1096,1071,1137,1183,1251,1310,1394,1494,1530,1605,1662,1661
 "55000","Wisconsin",3,SAEXP2,5,"...","   Furnishings and durable household equipment","Dollars",587,629,695,720,727,762,798,859,877,879,855,807,747,759,767,761,791,831,895,950,974,1042,1054
 "55000","Wisconsin",3,SAEXP2,6,"...","   Recreational goods and vehicles","Dollars",663,719,788,827,829,883,944,1029,1071,1113,1116,1125,1038,1035,1041,1040,1141,1230,1249,1334,1407,1488,1574
 "55000","Wisconsin",3,SAEXP2,7,"...","   Other durable goods","Dollars",265,278,301,309,303,316,338,358,372,407,428,431,431,439,449,451,465,484,481,483,483,495,495
 "55000","Wisconsin",3,SAEXP2,8,"...","  Nondurable goods","Dollars",4647,4708,5056,5394,5403,5421,5647,6014,6359,6837,7054,7358,6994,7257,7741,7841,7940,8056,7897,7986,8239,8611,8771
 "55000","Wisconsin",3,SAEXP2,9,"...","   Food and beverages purchased for off-premises consumption","Dollars",1844,1850,1932,1973,1988,2001,2021,2136,2230,2371,2469,2526,2523,2522,2608,2671,2675,2712,2734,2787,2846,2923,2959
 "55000","Wisconsin",3,SAEXP2,10,"...","   Clothing and footwear","Dollars",765,783,830,839,835,827,845,855,858,870,854,856,839,857,872,877,907,925,943,967,973,1002,1001
 "55000","Wisconsin",3,SAEXP2,11,"...","   Gasoline and other energy goods","Dollars",594,529,600,746,717,675,797,931,1110,1263,1342,1531,1109,1289,1580,1589,1547,1470,1160,1044,1160,1344,1307
 "55000","Wisconsin",3,SAEXP2,12,"...","   Other nondurable goods","Dollars",1445,1545,1694,1837,1863,1918,1984,2092,2160,2332,2389,2445,2524,2589,2681,2703,2811,2949,3060,3188,3260,3341,3503
 "55000","Wisconsin",3,SAEXP2,13,"..."," Services","Dollars",12455,13240,13970,14863,15661,16340,17253,18146,19107,20060,20910,21669,21837,22365,23043,23424,24015,24803,25839,26791,27737,28832,29614
 "55000","Wisconsin",3,SAEXP2,14,"...","  Household consumption expenditures (for services)","Dollars",11827,12518,13213,14025,14764,15391,16225,17114,18066,18940,19794,20405,20517,21011,21584,21863,22376,23165,24181,25022,25895,26918,27676
 "55000","Wisconsin",3,SAEXP2,15,"...","   Housing and utilities","Dollars",3345,3498,3698,3946,4208,4349,4543,4733,5065,5300,5479,5628,5582,5609,5745,5852,6004,6243,6410,6609,6830,7035,7273
 "55000","Wisconsin",3,SAEXP2,16,"...","   Health care","Dollars",2921,3086,3255,3477,3809,4142,4461,4801,5073,5344,5607,5918,6221,6381,6564,6632,6708,6902,7296,7577,7752,8067,8187
 "55000","Wisconsin",3,SAEXP2,17,"...","   Transportation services","Dollars",677,722,773,811,833,804,818,855,898,935,959,957,940,952,980,981,1018,1061,1093,1147,1187,1244,1269
 "55000","Wisconsin",3,SAEXP2,18,"...","   Recreation services","Dollars",833,858,900,902,946,989,1034,1086,1125,1193,1280,1301,1286,1298,1294,1305,1358,1401,1487,1582,1666,1748,1785
 "55000","Wisconsin",3,SAEXP2,19,"...","   Food services and accommodations","Dollars",1119,1155,1205,1285,1291,1328,1415,1505,1575,1664,1721,1741,1722,1775,1826,1889,1986,2065,2224,2301,2399,2479,2533
 "55000","Wisconsin",3,SAEXP2,20,"...","   Financial services and insurance","Dollars",1319,1466,1604,1772,1713,1731,1787,1881,1998,2052,2172,2261,2182,2394,2561,2600,2708,2851,2959,3007,3163,3311,3444
 "55000","Wisconsin",3,SAEXP2,21,"...","   Other services","Dollars",1614,1734,1777,1832,1964,2048,2168,2253,2333,2451,2576,2599,2584,2602,2615,2604,2596,2642,2712,2799,2898,3034,3185
 "55000","Wisconsin",3,SAEXP2,22,"...","  Final consumption expenditures of nonprofit institutions serving households (NPISHs)","Dollars",628,722,757,838,897,949,1027,1032,1041,1120,1116,1263,1320,1354,1458,1561,1639,1638,1658,1769,1842,1914,1938
 "55000","Wisconsin",3,SAEXP2,23,"...","   Gross output of nonprofit institutions","Dollars",2192,2310,2386,2540,2683,2848,3004,3132,3254,3391,3442,3672,3858,3998,4193,4397,4528,4576,4755,5000,5132,5364,5555
 "55000","Wisconsin",3,SAEXP2,24,"...","   Less: Receipts from sales of goods and services by nonprofit institutions","Dollars",1565,1588,1629,1702,1786,1899,1977,2099,2213,2271,2326,2408,2538,2644,2735,2837,2890,2937,3097,3230,3290,3450,3617
 "56000","Wyoming",7,SAEXP2,1,"...","Per capita personal consumption expenditures","Dollars",18559,19754,21060,22479,23289,24129,25470,27260,29297,31874,33889,35158,33095,33996,35795,36884,37753,38891,39313,39536,40923,42659,43723
 "56000","Wyoming",7,SAEXP2,2,"..."," Goods","Dollars",7414,7750,8222,8655,8888,9061,9626,10417,11313,12542,13534,13958,12279,12539,13323,13435,13408,13481,12943,12595,12919,13457,13615
 "56000","Wyoming",7,SAEXP2,3,"...","  Durable goods","Dollars",2493,2666,2820,2898,3049,3216,3316,3567,3747,3971,4227,4034,3612,3606,3761,3848,3936,4060,4102,4028,4064,4181,4204
 "56000","Wyoming",7,SAEXP2,4,"...","   Motor vehicles and parts","Dollars",1093,1195,1320,1343,1462,1523,1506,1572,1607,1640,1734,1530,1357,1422,1532,1611,1612,1668,1693,1658,1673,1684,1661
 "56000","Wyoming",7,SAEXP2,5,"...","   Furnishings and durable household equipment","Dollars",484,521,535,567,588,626,646,689,746,811,850,845,754,728,723,725,763,789,825,832,852,904,931
 "56000","Wyoming",7,SAEXP2,6,"...","   Recreational goods and vehicles","Dollars",611,635,643,661,689,749,820,929,998,1085,1177,1168,1031,974,999,1011,1065,1098,1080,1046,1051,1092,1103
 "56000","Wyoming",7,SAEXP2,7,"...","   Other durable goods","Dollars",305,315,322,326,310,318,343,377,395,435,466,490,469,482,508,501,496,504,504,492,487,501,509
 "56000","Wyoming",7,SAEXP2,8,"...","  Nondurable goods","Dollars",4921,5084,5402,5757,5839,5845,6309,6849,7566,8571,9307,9925,8667,8933,9562,9587,9472,9421,8841,8567,8855,9276,9410
 "56000","Wyoming",7,SAEXP2,9,"...","   Food and beverages purchased for off-premises consumption","Dollars",1877,1965,2072,2081,2095,2117,2223,2327,2478,2671,2893,3004,2950,2898,2946,2984,3071,3170,3209,3260,3320,3329,3367
 "56000","Wyoming",7,SAEXP2,10,"...","   Clothing and footwear","Dollars",687,722,715,689,684,665,686,718,748,796,794,789,753,765,789,788,787,805,810,816,819,856,878
 "56000","Wyoming",7,SAEXP2,11,"...","   Gasoline and other energy goods","Dollars",1073,1002,1125,1452,1432,1352,1608,1917,2334,2845,3208,3709,2582,2918,3460,3455,3241,2988,2252,1881,2056,2362,2352
 "56000","Wyoming",7,SAEXP2,12,"...","   Other nondurable goods","Dollars",1284,1395,1489,1535,1628,1710,1793,1887,2006,2259,2412,2423,2383,2351,2366,2361,2373,2457,2570,2609,2661,2729,2814
 "56000","Wyoming",7,SAEXP2,13,"..."," Services","Dollars",11145,12004,12839,13824,14401,15068,15844,16843,17984,19332,20355,21199,20816,21457,22472,23449,24345,25409,26370,26942,28005,29202,30108
 "56000","Wyoming",7,SAEXP2,14,"...","  Household consumption expenditures (for services)","Dollars",10940,11674,12456,13411,13942,14564,15179,16209,17481,18805,19817,20575,20157,20804,21772,22701,23559,24605,25451,25947,26963,28170,29090
 "56000","Wyoming",7,SAEXP2,15,"...","   Housing and utilities","Dollars",3089,3253,3418,3661,3937,4038,4161,4407,4737,5014,5096,5239,5294,5349,5580,5751,5944,6200,6527,6821,7221,7574,7877
 "56000","Wyoming",7,SAEXP2,16,"...","   Health care","Dollars",2303,2454,2616,2822,3105,3412,3627,3884,4193,4428,4766,5038,5184,5460,5644,5807,5864,6159,6411,6567,6829,7081,7336
 "56000","Wyoming",7,SAEXP2,17,"...","   Transportation services","Dollars",476,499,518,564,607,647,662,622,685,742,817,866,813,850,940,969,989,1021,1011,1010,1047,1105,1152
 "56000","Wyoming",7,SAEXP2,18,"...","   Recreation services","Dollars",671,690,712,710,723,738,753,813,856,931,964,1002,979,1017,1038,1093,1139,1190,1238,1293,1366,1457,1500
 "56000","Wyoming",7,SAEXP2,19,"...","   Food services and accommodations","Dollars",1621,1623,1713,1785,1779,1914,2030,2198,2400,2646,2776,2893,2729,2752,2836,2954,3118,3202,3249,3288,3368,3542,3691
 "56000","Wyoming",7,SAEXP2,20,"...","   Financial services and insurance","Dollars",1565,1809,2076,2436,2267,2199,2243,2511,2812,3166,3403,3516,3042,3189,3473,3912,4275,4557,4700,4624,4708,4931,4947
 "56000","Wyoming",7,SAEXP2,21,"...","   Other services","Dollars",1215,1347,1404,1434,1523,1616,1703,1774,1799,1878,1995,2022,2116,2186,2261,2215,2231,2276,2314,2343,2424,2481,2588
 "56000","Wyoming",7,SAEXP2,22,"...","  Final consumption expenditures of nonprofit institutions serving households (NPISHs)","Dollars",204,330,382,413,459,504,665,634,504,526,538,624,659,653,699,748,787,805,919,995,1042,1032,1017
 "56000","Wyoming",7,SAEXP2,23,"...","   Gross output of nonprofit institutions","Dollars",1704,1824,1946,2035,2175,2334,2405,2467,2608,2648,2875,3028,3159,3258,3382,3457,3534,3584,3886,4046,4254,4912,5046
 "56000","Wyoming",7,SAEXP2,24,"...","   Less: Receipts from sales of goods and services by nonprofit institutions","Dollars",1500,1494,1564,1622,1716,1830,1740,1833,2104,2122,2337,2403,2500,2605,2683,2709,2747,2779,2967,3051,3212,3880,4029
 "91000","New England",1,SAEXP2,1,"...","Per capita personal consumption expenditures","Dollars",24269,25647,27132,28948,30170,31151,32636,34626,36736,38551,40012,40995,40281,41154,42397,43338,44310,45848,47320,48687,50360,52329,53985
 "91000","New England",1,SAEXP2,2,"..."," Goods","Dollars",8310,8618,9269,9884,10145,10398,10830,11584,12250,12522,12816,12839,12142,12569,13069,13275,13572,13977,14030,14213,14808,15324,15766
 "91000","New England",1,SAEXP2,3,"...","  Durable goods","Dollars",2795,3005,3273,3515,3621,3778,3927,4170,4346,4316,4350,4099,3822,3976,4069,4165,4282,4411,4549,4662,4813,5011,5184
 "91000","New England",1,SAEXP2,4,"...","   Motor vehicles and parts","Dollars",1040,1127,1219,1265,1339,1410,1470,1482,1461,1361,1355,1181,1142,1214,1256,1305,1369,1441,1531,1543,1592,1653,1641
 "91000","New England",1,SAEXP2,5,"...","   Furnishings and durable household equipment","Dollars",587,634,699,777,818,867,897,993,1039,1047,1032,976,862,872,881,898,931,965,997,1050,1085,1129,1180
 "91000","New England",1,SAEXP2,6,"...","   Recreational goods and vehicles","Dollars",756,810,884,976,981,1009,1030,1115,1225,1255,1271,1253,1153,1192,1214,1225,1238,1241,1231,1265,1318,1398,1520
 "91000","New England",1,SAEXP2,7,"...","   Other durable goods","Dollars",411,434,470,497,484,492,530,580,621,653,693,688,665,698,717,737,745,763,791,804,818,830,844
 "91000","New England",1,SAEXP2,8,"...","  Nondurable goods","Dollars",5515,5612,5996,6370,6524,6620,6903,7414,7904,8206,8466,8740,8320,8593,9001,9110,9290,9566,9480,9551,9995,10314,10582
 "91000","New England",1,SAEXP2,9,"...","   Food and beverages purchased for off-premises consumption","Dollars",1988,2030,2149,2217,2316,2373,2390,2543,2636,2742,2869,2961,2971,3004,3119,3208,3252,3359,3415,3464,3593,3663,3746
 "91000","New England",1,SAEXP2,10,"...","   Clothing and footwear","Dollars",1102,1122,1160,1194,1173,1149,1175,1231,1271,1255,1238,1214,1150,1174,1173,1205,1208,1221,1235,1242,1230,1249,1265
 "91000","New England",1,SAEXP2,11,"...","   Gasoline and other energy goods","Dollars",641,560,591,737,725,678,823,960,1152,1272,1345,1528,1139,1280,1500,1440,1442,1419,1093,942,1058,1183,1119
 "91000","New England",1,SAEXP2,12,"...","   Other nondurable goods","Dollars",1784,1901,2097,2221,2310,2419,2516,2680,2844,2936,3013,3037,3060,3136,3208,3257,3387,3567,3738,3903,4114,4218,4452
 "91000","New England",1,SAEXP2,13,"..."," Services","Dollars",15959,17029,17863,19063,20025,20753,21805,23042,24487,26029,27195,28156,28139,28586,29328,30062,30738,31871,33291,34475,35552,37005,38219
 "91000","New England",1,SAEXP2,14,"...","  Household consumption expenditures (for services)","Dollars",15371,16302,17076,18208,19059,19691,20691,21895,23258,24625,25822,26648,26600,27051,27711,28303,28914,29996,31364,32423,33429,34802,36006
 "91000","New England",1,SAEXP2,15,"...","   Housing and utilities","Dollars",4636,4846,5085,5348,5720,5867,6128,6425,6928,7340,7642,7908,7949,7886,8012,8111,8263,8574,8982,9249,9555,9959,10293
 "91000","New England",1,SAEXP2,16,"...","   Health care","Dollars",3593,3800,3859,4081,4362,4699,4967,5307,5577,5951,6323,6628,6930,7087,7238,7385,7469,7668,7959,8247,8357,8581,8848
 "91000","New England",1,SAEXP2,17,"...","   Transportation services","Dollars",827,873,955,1016,1029,996,1042,1090,1133,1173,1195,1202,1169,1199,1275,1303,1378,1455,1517,1569,1604,1673,1693
 "91000","New England",1,SAEXP2,18,"...","   Recreation services","Dollars",853,925,995,1070,1106,1129,1204,1293,1363,1450,1570,1603,1578,1630,1645,1713,1783,1839,1939,2066,2148,2244,2310
 "91000","New England",1,SAEXP2,19,"...","   Food services and accommodations","Dollars",1395,1463,1539,1651,1687,1749,1846,1968,2057,2159,2247,2298,2270,2347,2441,2541,2632,2759,2938,3076,3193,3322,3472
 "91000","New England",1,SAEXP2,20,"...","   Financial services and insurance","Dollars",1983,2127,2309,2544,2448,2433,2517,2687,2931,3087,3262,3332,3055,3190,3334,3406,3536,3687,3863,3863,4038,4227,4407
 "91000","New England",1,SAEXP2,21,"...","   Other services","Dollars",2083,2269,2334,2499,2708,2817,2987,3125,3268,3465,3583,3676,3648,3713,3765,3843,3853,4013,4166,4353,4533,4796,4984
 "91000","New England",1,SAEXP2,22,"...","  Final consumption expenditures of nonprofit institutions serving households (NPISHs)","Dollars",588,727,787,855,966,1062,1114,1147,1229,1404,1374,1508,1539,1535,1617,1759,1824,1875,1927,2052,2124,2203,2213
 "91000","New England",1,SAEXP2,23,"...","   Gross output of nonprofit institutions","Dollars",2404,2603,2722,2859,3108,3381,3575,3803,4072,4400,4502,4724,4898,5023,5192,5450,5591,5804,5942,6215,6382,6519,6744
 "91000","New England",1,SAEXP2,24,"...","   Less: Receipts from sales of goods and services by nonprofit institutions","Dollars",1816,1876,1935,2005,2142,2318,2461,2656,2844,2996,3129,3216,3359,3488,3575,3691,3768,3929,4015,4163,4258,4316,4531
 "92000","Mideast",2,SAEXP2,1,"...","Per capita personal consumption expenditures","Dollars",22199,23352,24670,26343,27484,28472,29956,31643,33509,35223,36672,37552,36921,37941,39262,40216,41226,42855,44205,45656,47380,49674,51630
 "92000","Mideast",2,SAEXP2,2,"..."," Goods","Dollars",7411,7691,8238,8749,9061,9355,9832,10329,10829,11234,11550,11500,10914,11315,11852,12064,12295,12615,12725,12911,13335,13951,14458
 "92000","Mideast",2,SAEXP2,3,"...","  Durable goods","Dollars",2401,2583,2809,2981,3114,3299,3443,3608,3694,3748,3819,3565,3310,3410,3524,3603,3699,3786,3896,3974,4085,4268,4406
 "92000","Mideast",2,SAEXP2,4,"...","   Motor vehicles and parts","Dollars",902,968,1044,1086,1154,1228,1259,1282,1248,1175,1196,1032,982,1066,1122,1189,1235,1285,1352,1372,1410,1462,1463
 "92000","Mideast",2,SAEXP2,5,"...","   Furnishings and durable household equipment","Dollars",557,596,658,715,748,788,830,884,932,971,969,924,832,839,854,865,888,909,948,988,1031,1078,1130
 "92000","Mideast",2,SAEXP2,6,"...","   Recreational goods and vehicles","Dollars",602,655,708,752,787,834,878,937,986,1033,1056,1024,934,924,928,921,921,917,911,924,943,997,1059
 "92000","Mideast",2,SAEXP2,7,"...","   Other durable goods","Dollars",340,364,399,429,425,449,475,504,528,569,598,586,561,580,620,628,656,675,685,691,702,730,754
 "92000","Mideast",2,SAEXP2,8,"...","  Nondurable goods","Dollars",5010,5108,5429,5767,5947,6056,6389,6721,7135,7486,7731,7935,7604,7905,8328,8460,8596,8829,8829,8937,9249,9684,10052
 "92000","Mideast",2,SAEXP2,9,"...","   Food and beverages purchased for off-premises consumption","Dollars",1672,1684,1764,1837,1927,1972,2076,2152,2266,2351,2447,2540,2534,2589,2667,2725,2765,2826,2876,2920,2994,3087,3185
 "92000","Mideast",2,SAEXP2,10,"...","   Clothing and footwear","Dollars",1101,1132,1190,1224,1196,1194,1213,1242,1284,1324,1326,1293,1233,1281,1354,1391,1411,1437,1448,1464,1459,1508,1546
 "92000","Mideast",2,SAEXP2,11,"...","   Gasoline and other energy goods","Dollars",456,392,424,528,513,481,574,683,820,919,991,1119,830,952,1145,1141,1124,1077,834,734,808,906,870
 "92000","Mideast",2,SAEXP2,12,"...","   Other nondurable goods","Dollars",1781,1901,2051,2178,2311,2409,2526,2644,2765,2892,2967,2981,3009,3082,3162,3203,3295,3489,3671,3819,3989,4183,4450
 "92000","Mideast",2,SAEXP2,13,"..."," Services","Dollars",14788,15661,16432,17595,18423,19117,20124,21314,22680,23988,25121,26052,26007,26626,27409,28152,28931,30240,31480,32745,34045,35722,37172
 "92000","Mideast",2,SAEXP2,14,"...","  Household consumption expenditures (for services)","Dollars",14243,15014,15733,16811,17542,18153,19105,20262,21543,22728,23820,24570,24520,25106,25821,26441,27187,28435,29668,30797,32038,33577,35021
 "92000","Mideast",2,SAEXP2,15,"...","   Housing and utilities","Dollars",4077,4250,4456,4693,5006,5151,5359,5616,6028,6356,6666,6925,7014,7064,7230,7345,7559,7891,8264,8578,8892,9259,9598
 "92000","Mideast",2,SAEXP2,16,"...","   Health care","Dollars",3293,3441,3543,3717,3995,4290,4555,4859,5103,5320,5580,5786,6023,6207,6359,6509,6622,6876,7185,7509,7790,8188,8596
 "92000","Mideast",2,SAEXP2,17,"...","   Transportation services","Dollars",975,1037,1093,1174,1185,1150,1184,1243,1290,1347,1379,1403,1363,1393,1482,1524,1614,1714,1787,1865,1957,2062,2111
 "92000","Mideast",2,SAEXP2,18,"...","   Recreation services","Dollars",850,893,954,1015,1053,1090,1156,1235,1300,1398,1487,1548,1546,1592,1607,1678,1743,1812,1873,1947,1988,2062,2127
 "92000","Mideast",2,SAEXP2,19,"...","   Food services and accommodations","Dollars",1216,1261,1325,1426,1446,1495,1574,1686,1798,1921,2030,2097,2062,2149,2256,2361,2444,2580,2721,2839,2990,3140,3253
 "92000","Mideast",2,SAEXP2,20,"...","   Financial services and insurance","Dollars",1644,1788,1948,2178,2085,2107,2199,2386,2602,2745,2872,2913,2658,2767,2888,2935,3069,3216,3329,3323,3536,3737,3947
 "92000","Mideast",2,SAEXP2,21,"...","   Other services","Dollars",2186,2345,2412,2608,2773,2870,3079,3237,3422,3641,3806,3896,3854,3934,3999,4089,4138,4345,4509,4735,4886,5128,5390
 "92000","Mideast",2,SAEXP2,22,"...","  Final consumption expenditures of nonprofit institutions serving households (NPISHs)","Dollars",545,647,700,784,881,965,1019,1052,1136,1260,1301,1483,1488,1520,1588,1711,1744,1804,1812,1948,2008,2146,2151
 "92000","Mideast",2,SAEXP2,23,"...","   Gross output of nonprofit institutions","Dollars",2394,2548,2663,2837,3072,3326,3526,3765,4016,4283,4480,4728,4859,5003,5139,5347,5467,5671,5822,6144,6370,6741,6998
 "92000","Mideast",2,SAEXP2,24,"...","   Less: Receipts from sales of goods and services by nonprofit institutions","Dollars",1849,1901,1963,2053,2191,2362,2507,2713,2879,3023,3179,3246,3371,3484,3551,3635,3723,3866,4010,4196,4362,4595,4847
 "93000","Great Lakes",3,SAEXP2,1,"...","Per capita personal consumption expenditures","Dollars",20159,21157,22330,23736,24544,25318,26342,27630,28963,30128,31230,31891,31364,32272,33502,34350,35042,36320,37494,38698,40204,41807,43006
 "93000","Great Lakes",3,SAEXP2,2,"..."," Goods","Dollars",7365,7622,8144,8599,8695,8872,9124,9526,9811,10101,10409,10349,9796,10206,10807,11078,11279,11598,11749,11970,12506,12974,13288
 "93000","Great Lakes",3,SAEXP2,3,"...","  Durable goods","Dollars",2687,2858,3094,3206,3241,3361,3375,3492,3516,3488,3553,3305,3087,3193,3327,3443,3555,3714,3890,4039,4217,4371,4502
 "93000","Great Lakes",3,SAEXP2,4,"...","   Motor vehicles and parts","Dollars",1144,1206,1307,1300,1350,1382,1331,1308,1253,1148,1146,1019,976,1049,1112,1175,1225,1314,1400,1436,1493,1548,1547
 "93000","Great Lakes",3,SAEXP2,5,"...","   Furnishings and durable household equipment","Dollars",598,633,681,736,735,762,776,816,834,831,823,764,692,702,721,743,762,786,841,892,938,977,1006
 "93000","Great Lakes",3,SAEXP2,6,"...","   Recreational goods and vehicles","Dollars",612,663,722,764,764,811,838,911,950,990,1030,980,891,893,913,930,965,994,1008,1062,1129,1172,1261
 "93000","Great Lakes",3,SAEXP2,7,"...","   Other durable goods","Dollars",333,356,384,406,392,406,431,456,479,519,555,542,527,549,582,595,603,620,641,648,656,674,688
 "93000","Great Lakes",3,SAEXP2,8,"...","  Nondurable goods","Dollars",4679,4763,5050,5393,5453,5512,5749,6034,6296,6613,6856,7045,6709,7013,7480,7635,7724,7885,7858,7931,8289,8603,8786
 "93000","Great Lakes",3,SAEXP2,9,"...","   Food and beverages purchased for off-premises consumption","Dollars",1733,1748,1801,1875,1929,1958,2018,2104,2166,2239,2326,2396,2396,2418,2508,2570,2603,2682,2757,2815,2930,2994,3056
 "93000","Great Lakes",3,SAEXP2,10,"...","   Clothing and footwear","Dollars",869,901,934,953,933,917,927,936,952,964,950,930,894,925,953,979,988,1009,1028,1048,1052,1076,1085
 "93000","Great Lakes",3,SAEXP2,11,"...","   Gasoline and other energy goods","Dollars",528,472,529,661,622,584,683,781,925,1039,1141,1264,918,1091,1346,1363,1345,1285,992,879,985,1126,1068
 "93000","Great Lakes",3,SAEXP2,12,"...","   Other nondurable goods","Dollars",1549,1642,1787,1905,1969,2053,2121,2213,2252,2371,2438,2454,2502,2580,2673,2723,2787,2909,3081,3189,3321,3406,3577
 "93000","Great Lakes",3,SAEXP2,13,"..."," Services","Dollars",12793,13535,14186,15137,15850,16445,17218,18104,19152,20027,20821,21542,21568,22066,22695,23272,23763,24721,25745,26728,27698,28833,29718
 "93000","Great Lakes",3,SAEXP2,14,"...","  Household consumption expenditures (for services)","Dollars",12171,12798,13404,14269,14898,15429,16166,17051,18060,18827,19627,20184,20191,20656,21211,21674,22131,23046,24060,24928,25838,26878,27768
 "93000","Great Lakes",3,SAEXP2,15,"...","   Housing and utilities","Dollars",3444,3578,3759,3988,4253,4384,4573,4767,5127,5353,5539,5733,5748,5746,5822,5840,5934,6151,6311,6500,6729,6972,7239
 "93000","Great Lakes",3,SAEXP2,16,"...","   Health care","Dollars",2859,2970,3074,3260,3521,3786,4011,4296,4571,4799,5073,5274,5526,5723,5894,6110,6194,6423,6756,7062,7259,7504,7716
 "93000","Great Lakes",3,SAEXP2,17,"...","   Transportation services","Dollars",899,933,995,1058,1038,996,1011,1041,1063,1072,1085,1093,1030,1050,1129,1149,1193,1274,1324,1386,1431,1503,1537
 "93000","Great Lakes",3,SAEXP2,18,"...","   Recreation services","Dollars",870,903,945,982,996,1023,1066,1126,1172,1216,1287,1322,1312,1350,1354,1404,1451,1496,1573,1645,1702,1758,1794
 "93000","Great Lakes",3,SAEXP2,19,"...","   Food services and accommodations","Dollars",1187,1245,1279,1349,1384,1430,1493,1574,1647,1716,1785,1811,1787,1841,1927,2017,2083,2158,2308,2384,2466,2568,2634
 "93000","Great Lakes",3,SAEXP2,20,"...","   Financial services and insurance","Dollars",1292,1415,1551,1730,1670,1709,1797,1952,2110,2189,2279,2305,2146,2256,2368,2425,2537,2707,2876,2960,3162,3346,3495
 "93000","Great Lakes",3,SAEXP2,21,"...","   Other services","Dollars",1620,1754,1800,1901,2036,2101,2216,2294,2371,2483,2579,2644,2641,2689,2717,2728,2739,2838,2913,2989,3088,3227,3353
 "93000","Great Lakes",3,SAEXP2,22,"...","  Final consumption expenditures of nonprofit institutions serving households (NPISHs)","Dollars",622,737,782,868,951,1016,1051,1053,1092,1200,1194,1358,1377,1410,1484,1598,1632,1676,1685,1801,1860,1954,1950
 "93000","Great Lakes",3,SAEXP2,23,"...","   Gross output of nonprofit institutions","Dollars",2258,2432,2526,2690,2874,3071,3170,3310,3481,3677,3759,3990,4135,4269,4414,4613,4715,4855,5008,5262,5398,5657,5810
 "93000","Great Lakes",3,SAEXP2,24,"...","   Less: Receipts from sales of goods and services by nonprofit institutions","Dollars",1635,1695,1744,1822,1923,2055,2119,2257,2390,2477,2565,2632,2758,2859,2930,3014,3083,3179,3323,3461,3538,3702,3860
 "94000","Plains",4,SAEXP2,1,"...","Per capita personal consumption expenditures","Dollars",20031,21029,22341,23738,24588,25441,26505,27798,28973,30150,31287,32195,31826,32653,34067,35099,35769,36807,37664,38699,40108,41613,42696
 "94000","Plains",4,SAEXP2,2,"..."," Goods","Dollars",7718,7988,8534,8976,9184,9371,9716,10230,10595,10922,11250,11447,10908,11282,11961,12331,12443,12628,12504,12576,12956,13363,13544
 "94000","Plains",4,SAEXP2,3,"...","  Durable goods","Dollars",2850,3036,3256,3365,3465,3596,3671,3838,3846,3842,3920,3763,3606,3699,3817,3980,4059,4177,4337,4436,4580,4739,4853
 "94000","Plains",4,SAEXP2,4,"...","   Motor vehicles and parts","Dollars",1204,1284,1369,1363,1441,1471,1439,1435,1384,1306,1329,1192,1168,1269,1328,1429,1469,1539,1637,1654,1710,1772,1770
 "94000","Plains",4,SAEXP2,5,"...","   Furnishings and durable household equipment","Dollars",584,620,669,716,721,760,794,852,869,884,883,846,779,776,792,824,842,868,906,948,979,1011,1033
 "94000","Plains",4,SAEXP2,6,"...","   Recreational goods and vehicles","Dollars",688,735,796,840,863,911,960,1044,1072,1100,1130,1135,1066,1039,1051,1066,1085,1092,1101,1140,1196,1240,1319
 "94000","Plains",4,SAEXP2,7,"...","   Other durable goods","Dollars",373,397,422,446,439,453,478,506,522,552,578,590,594,615,645,660,663,678,692,695,696,715,731
 "94000","Plains",4,SAEXP2,8,"...","  Nondurable goods","Dollars",4868,4952,5279,5612,5719,5775,6045,6392,6749,7080,7329,7684,7301,7583,8145,8352,8383,8450,8167,8140,8375,8624,8691
 "94000","Plains",4,SAEXP2,9,"...","   Food and beverages purchased for off-premises consumption","Dollars",1728,1767,1845,1904,1968,1986,2039,2138,2221,2256,2350,2451,2497,2491,2592,2664,2686,2731,2758,2789,2840,2869,2872
 "94000","Plains",4,SAEXP2,10,"...","   Clothing and footwear","Dollars",802,827,850,876,864,862,880,895,911,921,918,915,894,913,939,961,965,985,998,1010,1009,1030,1031
 "94000","Plains",4,SAEXP2,11,"...","   Gasoline and other energy goods","Dollars",674,611,683,835,802,751,880,1033,1244,1406,1510,1725,1262,1483,1826,1864,1830,1733,1318,1152,1257,1389,1322
 "94000","Plains",4,SAEXP2,12,"...","   Other nondurable goods","Dollars",1664,1747,1901,1997,2085,2175,2246,2326,2373,2496,2551,2594,2647,2696,2788,2863,2903,3001,3093,3188,3269,3337,3465
 "94000","Plains",4,SAEXP2,13,"..."," Services","Dollars",12313,13041,13807,14762,15404,16070,16789,17568,18378,19229,20038,20748,20918,21371,22106,22767,23326,24179,25159,26123,27153,28250,29153
 "94000","Plains",4,SAEXP2,14,"...","  Household consumption expenditures (for services)","Dollars",11835,12495,13178,14050,14619,15240,15912,16693,17543,18313,19137,19729,19867,20302,20973,21550,22079,22907,23861,24738,25700,26745,27638
 "94000","Plains",4,SAEXP2,15,"...","   Housing and utilities","Dollars",3131,3268,3416,3643,3896,3989,4147,4344,4667,4899,5077,5220,5263,5292,5425,5548,5723,5935,6158,6406,6658,6951,7216
 "94000","Plains",4,SAEXP2,16,"...","   Health care","Dollars",2979,3127,3270,3446,3726,4037,4240,4469,4709,4890,5164,5402,5611,5761,5953,6129,6229,6419,6738,7049,7277,7524,7805
 "94000","Plains",4,SAEXP2,17,"...","   Transportation services","Dollars",761,791,849,889,876,852,847,868,890,916,937,955,908,911,966,993,1038,1106,1136,1162,1201,1245,1267
 "94000","Plains",4,SAEXP2,18,"...","   Recreation services","Dollars",865,903,950,981,980,1042,1099,1149,1173,1257,1333,1360,1384,1426,1439,1516,1565,1614,1678,1740,1769,1823,1850
 "94000","Plains",4,SAEXP2,19,"...","   Food services and accommodations","Dollars",1175,1229,1281,1355,1375,1428,1501,1590,1669,1752,1818,1862,1855,1894,1968,2044,2115,2189,2294,2352,2418,2493,2540
 "94000","Plains",4,SAEXP2,20,"...","   Financial services and insurance","Dollars",1322,1453,1601,1799,1735,1776,1849,1975,2089,2145,2264,2347,2244,2401,2561,2643,2743,2907,3047,3143,3383,3576,3689
 "94000","Plains",4,SAEXP2,21,"...","   Other services","Dollars",1602,1723,1812,1937,2031,2117,2230,2298,2346,2454,2543,2582,2602,2617,2661,2676,2666,2737,2810,2887,2995,3133,3271
 "94000","Plains",4,SAEXP2,22,"...","  Final consumption expenditures of nonprofit institutions serving households (NPISHs)","Dollars",478,546,629,712,785,831,876,875,835,916,901,1019,1051,1069,1133,1217,1247,1273,1298,1386,1452,1505,1515
 "94000","Plains",4,SAEXP2,23,"...","   Gross output of nonprofit institutions","Dollars",1973,2070,2242,2420,2589,2756,2865,2986,3032,3185,3241,3409,3549,3654,3785,3950,4032,4128,4314,4556,4747,4911,5092
 "94000","Plains",4,SAEXP2,24,"...","   Less: Receipts from sales of goods and services by nonprofit institutions","Dollars",1495,1524,1613,1708,1804,1925,1989,2111,2196,2269,2341,2390,2498,2585,2652,2733,2785,2855,3016,3170,3295,3406,3577
 "95000","Southeast",5,SAEXP2,1,"...","Per capita personal consumption expenditures","Dollars",18464,19326,20390,21659,22340,22962,23949,25272,26715,28129,29088,29488,28906,29686,30745,31544,32182,33335,34374,35376,36575,38067,39283
 "95000","Southeast",5,SAEXP2,2,"..."," Goods","Dollars",7266,7550,8104,8531,8648,8760,9103,9645,10202,10699,10925,10752,10107,10485,11009,11306,11554,11862,11978,12087,12478,12979,13300
 "95000","Southeast",5,SAEXP2,3,"...","  Durable goods","Dollars",2632,2818,3036,3143,3187,3293,3391,3581,3743,3838,3859,3467,3147,3247,3356,3496,3639,3775,3963,4067,4201,4388,4514
 "95000","Southeast",5,SAEXP2,4,"...","   Motor vehicles and parts","Dollars",1162,1250,1340,1363,1398,1447,1434,1458,1468,1423,1416,1168,1059,1154,1207,1298,1360,1421,1530,1553,1582,1637,1629
 "95000","Southeast",5,SAEXP2,5,"...","   Furnishings and durable household equipment","Dollars",620,660,711,747,760,789,816,879,940,985,957,865,771,769,780,803,835,869,919,964,1006,1062,1100
 "95000","Southeast",5,SAEXP2,6,"...","   Recreational goods and vehicles","Dollars",574,614,668,701,706,724,785,861,931,990,1014,972,871,861,881,897,930,951,962,1001,1060,1120,1207
 "95000","Southeast",5,SAEXP2,7,"...","   Other durable goods","Dollars",276,293,316,333,323,333,356,384,403,441,473,462,447,462,487,497,515,534,552,550,553,569,577
 "95000","Southeast",5,SAEXP2,8,"...","  Nondurable goods","Dollars",4633,4732,5068,5388,5462,5467,5711,6064,6460,6861,7066,7285,6959,7239,7653,7810,7915,8087,8015,8020,8277,8591,8786
 "95000","Southeast",5,SAEXP2,9,"...","   Food and beverages purchased for off-premises consumption","Dollars",1768,1808,1890,1958,1998,1989,2039,2131,2236,2316,2400,2488,2502,2525,2602,2669,2707,2783,2843,2873,2940,3015,3081
 "95000","Southeast",5,SAEXP2,10,"...","   Clothing and footwear","Dollars",829,852,891,901,890,879,889,915,937,971,972,942,902,929,958,980,991,1017,1033,1045,1039,1069,1083
 "95000","Southeast",5,SAEXP2,11,"...","   Gasoline and other energy goods","Dollars",563,505,557,692,654,608,698,817,991,1129,1186,1320,959,1125,1366,1386,1359,1291,973,856,954,1063,1012
 "95000","Southeast",5,SAEXP2,12,"...","   Other nondurable goods","Dollars",1474,1566,1730,1836,1919,1991,2086,2201,2295,2444,2508,2536,2597,2659,2727,2775,2858,2996,3166,3247,3344,3445,3610
 "95000","Southeast",5,SAEXP2,13,"..."," Services","Dollars",11199,11777,12286,13128,13691,14202,14846,15627,16513,17430,18163,18736,18800,19200,19736,20238,20628,21473,22397,23289,24097,25088,25983
 "95000","Southeast",5,SAEXP2,14,"...","  Household consumption expenditures (for services)","Dollars",11038,11601,12080,12884,13412,13890,14541,15332,16245,17103,17816,18306,18393,18806,19320,19781,20158,20984,21923,22784,23584,24549,25458
 "95000","Southeast",5,SAEXP2,15,"...","   Housing and utilities","Dollars",3192,3337,3460,3656,3870,3979,4123,4288,4567,4800,4958,5120,5248,5323,5423,5506,5626,5850,6099,6348,6564,6827,7087
 "95000","Southeast",5,SAEXP2,16,"...","   Health care","Dollars",2795,2882,2941,3104,3347,3600,3787,4024,4232,4418,4595,4752,4949,5044,5159,5331,5393,5596,5856,6114,6283,6506,6753
 "95000","Southeast",5,SAEXP2,17,"...","   Transportation services","Dollars",533,562,593,633,613,584,611,630,652,673,685,685,641,655,700,715,745,788,824,863,895,936,967
 "95000","Southeast",5,SAEXP2,18,"...","   Recreation services","Dollars",625,648,682,721,735,745,785,840,882,937,990,1019,1009,1034,1036,1076,1101,1142,1201,1259,1300,1346,1376
 "95000","Southeast",5,SAEXP2,19,"...","   Food services and accommodations","Dollars",1279,1318,1366,1439,1458,1503,1592,1703,1812,1909,1978,2004,1972,2035,2126,2222,2284,2403,2542,2639,2711,2821,2899
 "95000","Southeast",5,SAEXP2,20,"...","   Financial services and insurance","Dollars",1195,1303,1430,1598,1534,1556,1624,1757,1919,2055,2208,2287,2173,2285,2401,2443,2506,2596,2709,2774,2941,3102,3229
 "95000","Southeast",5,SAEXP2,21,"...","   Other services","Dollars",1419,1551,1606,1732,1856,1923,2018,2089,2181,2310,2402,2438,2402,2431,2474,2487,2503,2609,2692,2786,2891,3012,3148
 "95000","Southeast",5,SAEXP2,22,"...","  Final consumption expenditures of nonprofit institutions serving households (NPISHs)","Dollars",160,176,206,244,279,312,305,295,268,327,347,430,407,394,417,457,469,489,474,505,513,539,524
 "95000","Southeast",5,SAEXP2,23,"...","   Gross output of nonprofit institutions","Dollars",1310,1421,1494,1590,1710,1847,1917,2015,2116,2274,2390,2504,2554,2605,2665,2748,2805,2892,3029,3188,3295,3417,3501
 "95000","Southeast",5,SAEXP2,24,"...","   Less: Receipts from sales of goods and services by nonprofit institutions","Dollars",1149,1245,1288,1345,1431,1535,1612,1719,1848,1947,2043,2074,2148,2211,2249,2291,2335,2404,2556,2683,2783,2878,2977
 "96000","Southwest",6,SAEXP2,1,"...","Per capita personal consumption expenditures","Dollars",18867,19758,20767,22083,22834,23261,24040,25166,26692,27895,28899,29421,28738,29456,30736,31692,32403,33695,34644,35466,36751,38352,39491
 "96000","Southwest",6,SAEXP2,2,"..."," Goods","Dollars",7121,7395,7896,8389,8553,8581,8841,9348,10080,10552,10981,10850,10105,10424,11080,11484,11692,12066,12079,12111,12487,12985,13178
 "96000","Southwest",6,SAEXP2,3,"...","  Durable goods","Dollars",2663,2893,3127,3309,3377,3440,3452,3620,3797,3915,4030,3679,3312,3383,3534,3727,3845,4000,4184,4236,4367,4553,4647
 "96000","Southwest",6,SAEXP2,4,"...","   Motor vehicles and parts","Dollars",1219,1333,1446,1513,1598,1610,1571,1572,1580,1548,1600,1356,1213,1292,1372,1537,1603,1685,1775,1756,1793,1858,1836
 "96000","Southwest",6,SAEXP2,5,"...","   Furnishings and durable household equipment","Dollars",564,604,657,705,706,729,731,782,847,891,902,844,759,753,776,784,809,852,905,943,970,1019,1049
 "96000","Southwest",6,SAEXP2,6,"...","   Recreational goods and vehicles","Dollars",564,621,668,711,706,724,751,838,917,977,999,962,844,825,837,844,869,884,896,929,984,1038,1117
 "96000","Southwest",6,SAEXP2,7,"...","   Other durable goods","Dollars",316,335,356,381,366,378,399,428,454,499,528,517,497,512,550,563,564,578,608,609,619,639,646
 "96000","Southwest",6,SAEXP2,8,"...","  Nondurable goods","Dollars",4458,4501,4769,5080,5176,5141,5389,5727,6282,6637,6951,7170,6792,7041,7546,7757,7847,8066,7895,7876,8120,8432,8531
 "96000","Southwest",6,SAEXP2,9,"...","   Food and beverages purchased for off-premises consumption","Dollars",1641,1656,1733,1778,1835,1823,1889,1997,2113,2202,2290,2371,2359,2381,2471,2542,2574,2672,2709,2721,2773,2831,2858
 "96000","Southwest",6,SAEXP2,10,"...","   Clothing and footwear","Dollars",854,873,901,933,921,914,932,946,1002,1053,1066,1032,1004,1026,1081,1115,1119,1129,1141,1158,1157,1194,1197
 "96000","Southwest",6,SAEXP2,11,"...","   Gasoline and other energy goods","Dollars",578,509,548,691,675,620,706,831,1081,1114,1215,1350,991,1150,1433,1482,1477,1434,1068,929,1016,1146,1096
 "96000","Southwest",6,SAEXP2,12,"...","   Other nondurable goods","Dollars",1385,1463,1586,1677,1746,1784,1862,1952,2086,2268,2379,2418,2438,2484,2561,2618,2678,2831,2977,3067,3175,3261,3380
 "96000","Southwest",6,SAEXP2,13,"..."," Services","Dollars",11747,12363,12870,13694,14280,14680,15199,15818,16612,17343,17919,18571,18634,19033,19656,20208,20711,21629,22565,23355,24264,25366,26313
 "96000","Southwest",6,SAEXP2,14,"...","  Household consumption expenditures (for services)","Dollars",11501,12065,12530,13302,13834,14188,14685,15303,16140,16817,17398,17952,18017,18425,19025,19515,20005,20902,21857,22593,23479,24556,25520
 "96000","Southwest",6,SAEXP2,15,"...","   Housing and utilities","Dollars",3332,3461,3558,3761,3991,4048,4189,4378,4650,4884,4942,5083,5093,5095,5186,5213,5349,5572,5823,6033,6278,6595,6831
 "96000","Southwest",6,SAEXP2,16,"...","   Health care","Dollars",2536,2644,2698,2832,3082,3352,3522,3711,3954,4065,4253,4473,4678,4803,4921,5075,5091,5274,5592,5811,5939,6098,6342
 "96000","Southwest",6,SAEXP2,17,"...","   Transportation services","Dollars",649,697,742,799,781,742,737,745,774,805,825,840,782,797,869,911,955,1007,1004,1030,1081,1149,1179
 "96000","Southwest",6,SAEXP2,18,"...","   Recreation services","Dollars",684,733,793,837,862,889,916,959,991,1056,1119,1151,1159,1195,1206,1273,1320,1372,1431,1495,1559,1618,1663
 "96000","Southwest",6,SAEXP2,19,"...","   Food services and accommodations","Dollars",1228,1277,1334,1425,1443,1466,1530,1624,1738,1850,1928,1979,1970,2014,2116,2217,2309,2440,2586,2646,2756,2882,2967
 "96000","Southwest",6,SAEXP2,20,"...","   Financial services and insurance","Dollars",1685,1720,1788,1914,1826,1798,1830,1885,1990,2016,2097,2142,2042,2216,2361,2424,2546,2705,2827,2910,3104,3310,3484
 "96000","Southwest",6,SAEXP2,21,"...","   Other services","Dollars",1387,1534,1618,1735,1849,1893,1961,2002,2043,2141,2233,2284,2294,2305,2365,2402,2434,2532,2596,2669,2762,2901,3055
 "96000","Southwest",6,SAEXP2,22,"...","  Final consumption expenditures of nonprofit institutions serving households (NPISHs)","Dollars",245,298,341,391,446,492,514,514,472,526,521,619,617,608,631,693,706,727,708,762,785,811,793
 "96000","Southwest",6,SAEXP2,23,"...","   Gross output of nonprofit institutions","Dollars",1418,1539,1620,1725,1858,2001,2122,2232,2326,2444,2513,2649,2727,2795,2858,2969,3020,3141,3250,3409,3512,3625,3748
 "96000","Southwest",6,SAEXP2,24,"...","   Less: Receipts from sales of goods and services by nonprofit institutions","Dollars",1173,1241,1279,1334,1412,1509,1608,1717,1854,1918,1992,2030,2110,2187,2227,2276,2314,2414,2542,2648,2726,2814,2955
 "97000","Rocky Mountain",7,SAEXP2,1,"...","Per capita personal consumption expenditures","Dollars",19841,20859,22162,23676,24414,24971,25906,27327,28871,30338,31613,32056,30955,31419,32435,33305,34121,35474,36713,37995,39573,41309,42804
 "97000","Rocky Mountain",7,SAEXP2,2,"..."," Goods","Dollars",7497,7800,8412,8868,8964,9013,9318,9907,10524,11075,11590,11454,10462,10600,11000,11316,11567,11977,12119,12365,12935,13492,13853
 "97000","Rocky Mountain",7,SAEXP2,3,"...","  Durable goods","Dollars",2853,3052,3295,3490,3517,3611,3654,3900,4105,4229,4400,4022,3567,3566,3616,3746,3948,4148,4375,4539,4790,5021,5185
 "97000","Rocky Mountain",7,SAEXP2,4,"...","   Motor vehicles and parts","Dollars",1095,1167,1251,1295,1351,1399,1365,1397,1393,1367,1436,1224,1093,1120,1146,1228,1302,1373,1474,1491,1572,1634,1613
 "97000","Rocky Mountain",7,SAEXP2,5,"...","   Furnishings and durable household equipment","Dollars",673,716,770,827,842,858,863,940,1013,1066,1094,1012,868,850,849,872,917,968,1035,1089,1126,1195,1252
 "97000","Rocky Mountain",7,SAEXP2,6,"...","   Recreational goods and vehicles","Dollars",744,811,891,958,932,949,997,1100,1207,1256,1296,1224,1069,1046,1056,1072,1147,1208,1243,1329,1450,1530,1641
 "97000","Rocky Mountain",7,SAEXP2,7,"...","   Other durable goods","Dollars",341,359,382,410,393,404,430,462,493,540,575,563,539,550,566,573,582,598,624,630,642,661,679
 "97000","Rocky Mountain",7,SAEXP2,8,"...","  Nondurable goods","Dollars",4644,4748,5118,5378,5447,5402,5663,6007,6419,6846,7190,7432,6895,7035,7384,7570,7618,7829,7744,7826,8145,8471,8669
 "97000","Rocky Mountain",7,SAEXP2,9,"...","   Food and beverages purchased for off-premises consumption","Dollars",1788,1860,1980,2005,2044,2021,2117,2230,2343,2439,2578,2664,2646,2623,2684,2758,2794,2922,2995,3060,3135,3189,3251
 "97000","Rocky Mountain",7,SAEXP2,10,"...","   Clothing and footwear","Dollars",813,832,865,876,874,863,882,904,937,973,983,957,910,915,945,971,982,993,1012,1034,1031,1082,1117
 "97000","Rocky Mountain",7,SAEXP2,11,"...","   Gasoline and other energy goods","Dollars",621,553,618,781,753,687,766,894,1065,1214,1324,1507,1062,1213,1446,1474,1441,1380,1058,930,1050,1186,1132
 "97000","Rocky Mountain",7,SAEXP2,12,"...","   Other nondurable goods","Dollars",1422,1503,1655,1715,1777,1830,1899,1980,2075,2220,2305,2305,2276,2284,2309,2366,2402,2534,2680,2802,2929,3014,3170
 "97000","Rocky Mountain",7,SAEXP2,13,"..."," Services","Dollars",12345,13059,13750,14808,15450,15958,16589,17420,18346,19264,20023,20602,20493,20819,21435,21989,22555,23497,24593,25630,26638,27817,28950
 "97000","Rocky Mountain",7,SAEXP2,14,"...","  Household consumption expenditures (for services)","Dollars",12064,12732,13367,14372,14959,15428,16039,16885,17832,18678,19443,19934,19832,20151,20729,21209,21757,22674,23790,24797,25769,26916,28071
 "97000","Rocky Mountain",7,SAEXP2,15,"...","   Housing and utilities","Dollars",3942,4111,4276,4488,4779,4883,5033,5292,5630,5824,5913,6025,6050,5998,6135,6245,6389,6591,6907,7147,7438,7739,8085
 "97000","Rocky Mountain",7,SAEXP2,16,"...","   Health care","Dollars",2358,2468,2549,2745,3001,3281,3458,3705,3892,4044,4284,4475,4666,4768,4899,5023,5125,5391,5684,6041,6198,6358,6577
 "97000","Rocky Mountain",7,SAEXP2,17,"...","   Transportation services","Dollars",848,876,912,970,938,893,911,934,976,1016,1059,1078,997,1011,1071,1114,1164,1218,1257,1309,1359,1447,1503
 "97000","Rocky Mountain",7,SAEXP2,18,"...","   Recreation services","Dollars",791,854,924,1013,1025,1037,1072,1113,1169,1270,1337,1355,1359,1411,1414,1491,1558,1620,1704,1803,1865,1968,2053
 "97000","Rocky Mountain",7,SAEXP2,19,"...","   Food services and accommodations","Dollars",1407,1441,1495,1602,1632,1676,1720,1813,1904,2013,2116,2176,2085,2121,2226,2320,2427,2566,2736,2829,2952,3108,3220
 "97000","Rocky Mountain",7,SAEXP2,20,"...","   Financial services and insurance","Dollars",1304,1420,1552,1745,1681,1706,1790,1927,2073,2163,2301,2369,2214,2329,2453,2487,2577,2683,2801,2873,3076,3267,3425
 "97000","Rocky Mountain",7,SAEXP2,21,"...","   Other services","Dollars",1414,1561,1659,1809,1903,1952,2056,2101,2188,2348,2433,2456,2461,2513,2531,2529,2517,2605,2701,2795,2881,3030,3209
 "97000","Rocky Mountain",7,SAEXP2,22,"...","  Final consumption expenditures of nonprofit institutions serving households (NPISHs)","Dollars",280,328,383,436,491,530,550,535,515,586,580,668,661,667,706,781,797,823,803,833,869,902,879
 "97000","Rocky Mountain",7,SAEXP2,23,"...","   Gross output of nonprofit institutions","Dollars",1660,1764,1871,1989,2132,2288,2343,2422,2516,2677,2767,2921,3023,3129,3248,3415,3473,3616,3761,3994,4016,4164,4306
 "97000","Rocky Mountain",7,SAEXP2,24,"...","   Less: Receipts from sales of goods and services by nonprofit institutions","Dollars",1379,1437,1488,1554,1642,1758,1793,1887,2002,2092,2187,2253,2362,2462,2542,2634,2676,2792,2958,3161,3147,3262,3427
 "98000","Far West",8,SAEXP2,1,"...","Per capita personal consumption expenditures","Dollars",21162,22183,23468,25099,25827,26586,27676,29289,30994,32672,34148,34543,33278,34236,35554,36669,37406,38902,40608,42178,44168,46319,48426
 "98000","Far West",8,SAEXP2,2,"..."," Goods","Dollars",7073,7389,7966,8600,8745,8973,9329,9919,10491,10976,11327,11016,10047,10364,10914,11260,11447,11830,12020,12214,12770,13415,13932
 "98000","Far West",8,SAEXP2,3,"...","  Durable goods","Dollars",2562,2815,3114,3408,3471,3589,3690,3923,4126,4233,4283,3828,3376,3453,3574,3735,3838,3991,4206,4311,4543,4802,4998
 "98000","Far West",8,SAEXP2,4,"...","   Motor vehicles and parts","Dollars",912,1021,1137,1187,1242,1315,1311,1347,1370,1307,1275,1042,903,938,997,1094,1157,1213,1314,1353,1415,1439,1405
 "98000","Far West",8,SAEXP2,5,"...","   Furnishings and durable household equipment","Dollars",566,615,683,749,780,808,841,902,965,1006,991,887,779,785,792,799,819,862,921,941,992,1059,1097
 "98000","Far West",8,SAEXP2,6,"...","   Recreational goods and vehicles","Dollars",781,853,942,1096,1089,1087,1134,1225,1301,1399,1458,1359,1200,1215,1229,1259,1275,1305,1339,1384,1486,1624,1795
 "98000","Far West",8,SAEXP2,7,"...","   Other durable goods","Dollars",303,325,351,375,361,378,404,450,490,520,559,540,494,516,556,583,588,611,632,632,650,680,701
 "98000","Far West",8,SAEXP2,8,"...","  Nondurable goods","Dollars",4511,4574,4853,5192,5274,5384,5640,5996,6365,6743,7044,7188,6671,6911,7340,7525,7609,7839,7814,7903,8226,8613,8933
 "98000","Far West",8,SAEXP2,9,"...","   Food and beverages purchased for off-premises consumption","Dollars",1769,1784,1874,1960,2039,2090,2172,2260,2374,2493,2634,2694,2614,2635,2731,2793,2842,2949,3003,3044,3111,3199,3300
 "98000","Far West",8,SAEXP2,10,"...","   Clothing and footwear","Dollars",907,940,972,1005,968,984,994,1078,1138,1129,1143,1096,990,1038,1107,1161,1167,1208,1234,1254,1292,1354,1408
 "98000","Far West",8,SAEXP2,11,"...","   Gasoline and other energy goods","Dollars",485,426,458,566,531,507,580,695,810,910,958,1080,765,881,1083,1098,1069,1021,783,715,829,938,910
 "98000","Far West",8,SAEXP2,12,"...","   Other nondurable goods","Dollars",1350,1424,1549,1661,1735,1803,1894,1963,2043,2212,2310,2318,2301,2356,2419,2473,2531,2661,2794,2891,2995,3122,3315
 "98000","Far West",8,SAEXP2,13,"..."," Services","Dollars",14089,14794,15501,16499,17082,17613,18347,19370,20503,21697,22821,23527,23232,23872,24640,25410,25959,27072,28587,29964,31398,32904,34494
 "98000","Far West",8,SAEXP2,14,"...","  Household consumption expenditures (for services)","Dollars",13743,14423,15077,16001,16506,16943,17686,18747,19877,20964,21975,22582,22295,22914,23620,24273,24771,25848,27289,28551,29915,31360,32934
 "98000","Far West",8,SAEXP2,15,"...","   Housing and utilities","Dollars",4495,4697,4884,5128,5445,5589,5743,5994,6369,6768,7048,7322,7504,7574,7751,7885,8038,8318,8721,9071,9412,9730,10150
 "98000","Far West",8,SAEXP2,16,"...","   Health care","Dollars",2805,2906,2967,3077,3239,3471,3692,3931,4181,4383,4684,4942,5090,5415,5588,5732,5833,6063,6503,6832,7181,7515,7901
 "98000","Far West",8,SAEXP2,17,"...","   Transportation services","Dollars",878,918,966,1051,1027,985,1006,1052,1117,1184,1244,1238,1139,1153,1228,1287,1352,1414,1457,1551,1646,1763,1861
 "98000","Far West",8,SAEXP2,18,"...","   Recreation services","Dollars",756,774,861,918,932,944,1023,1134,1187,1250,1316,1334,1276,1328,1336,1409,1435,1490,1569,1650,1719,1794,1870
 "98000","Far West",8,SAEXP2,19,"...","   Food services and accommodations","Dollars",1333,1406,1451,1545,1568,1611,1699,1829,1959,2104,2210,2255,2144,2184,2276,2380,2430,2601,2821,3002,3155,3343,3525
 "98000","Far West",8,SAEXP2,20,"...","   Financial services and insurance","Dollars",1853,1993,2085,2252,2145,2142,2209,2342,2502,2583,2680,2649,2420,2520,2625,2673,2788,2933,3083,3168,3355,3564,3725
 "98000","Far West",8,SAEXP2,21,"...","   Other services","Dollars",1622,1730,1864,2029,2151,2202,2315,2465,2563,2692,2794,2842,2722,2739,2815,2906,2895,3029,3136,3278,3447,3650,3902
 "98000","Far West",8,SAEXP2,22,"...","  Final consumption expenditures of nonprofit institutions serving households (NPISHs)","Dollars",346,372,424,498,576,670,660,623,625,733,846,945,937,958,1020,1137,1188,1224,1299,1413,1483,1544,1560
 "98000","Far West",8,SAEXP2,23,"...","   Gross output of nonprofit institutions","Dollars",1758,1824,1935,2095,2282,2511,2582,2647,2786,2975,3275,3496,3617,3754,3951,4249,4359,4492,4759,5035,5244,5499,5748
 "98000","Far West",8,SAEXP2,24,"...","   Less: Receipts from sales of goods and services by nonprofit institutions","Dollars",1413,1453,1511,1597,1707,1841,1922,2024,2161,2242,2429,2550,2680,2796,2931,3112,3171,3268,3460,3622,3760,3955,4188
"Note: See the included footnote file."
"SAEXP2: Per capita personal consumption expenditures (PCE) by state 1/"
"Last updated: October 8, 2020-- new PCE by state statistics for 2019; revised statistics for 2010-2018."
"Source: U.S. Department of Commerce / Bureau of Economic Analysis / Regional Economic Accounts"
